file,line,type,commit,author,date,time,timezone,datetime,depth,length
style.css,1,css,47cfaa44,etflores1,2025-01-10,17:51:51,-08:00,2025-01-10T17:51:51-08:00,0,5
style.css,2,css,47cfaa44,etflores1,2025-01-10,17:51:51,-08:00,2025-01-10T17:51:51-08:00,0,44
style.css,3,css,47cfaa44,etflores1,2025-01-10,17:51:51,-08:00,2025-01-10T17:51:51-08:00,0,43
style.css,4,css,47cfaa44,etflores1,2025-01-10,17:51:51,-08:00,2025-01-10T17:51:51-08:00,0,1
style.css,5,css,47cfaa44,etflores1,2025-01-10,17:51:51,-08:00,2025-01-10T17:51:51-08:00,0,24
style.css,6,css,5381e379,etflores1,2025-01-16,19:15:34,-08:00,2025-01-16T19:15:34-08:00,0,16
style.css,7,css,5381e379,etflores1,2025-01-16,19:15:34,-08:00,2025-01-16T19:15:34-08:00,0,43
style.css,8,css,5381e379,etflores1,2025-01-16,19:15:34,-08:00,2025-01-16T19:15:34-08:00,0,14
style.css,9,css,5381e379,etflores1,2025-01-16,19:15:34,-08:00,2025-01-16T19:15:34-08:00,0,21
style.css,10,css,5381e379,etflores1,2025-01-16,19:15:34,-08:00,2025-01-16T19:15:34-08:00,0,14
style.css,11,css,5381e379,etflores1,2025-01-16,19:15:34,-08:00,2025-01-16T19:15:34-08:00,0,18
style.css,12,css,5381e379,etflores1,2025-01-16,19:15:34,-08:00,2025-01-16T19:15:34-08:00,0,15
style.css,13,css,5381e379,etflores1,2025-01-16,19:15:34,-08:00,2025-01-16T19:15:34-08:00,0,0
style.css,14,css,5381e379,etflores1,2025-01-16,19:15:34,-08:00,2025-01-16T19:15:34-08:00,0,0
style.css,15,css,5381e379,etflores1,2025-01-16,19:15:34,-08:00,2025-01-16T19:15:34-08:00,0,3
style.css,16,css,5381e379,etflores1,2025-01-16,19:15:34,-08:00,2025-01-16T19:15:34-08:00,0,16
style.css,17,css,5381e379,etflores1,2025-01-16,19:15:34,-08:00,2025-01-16T19:15:34-08:00,0,0
style.css,18,css,5381e379,etflores1,2025-01-16,19:15:34,-08:00,2025-01-16T19:15:34-08:00,0,0
style.css,19,css,5381e379,etflores1,2025-01-16,19:15:34,-08:00,2025-01-16T19:15:34-08:00,0,3
style.css,20,css,5381e379,etflores1,2025-01-16,19:15:34,-08:00,2025-01-16T19:15:34-08:00,0,17
style.css,21,css,5381e379,etflores1,2025-01-16,19:15:34,-08:00,2025-01-16T19:15:34-08:00,0,0
style.css,22,css,5381e379,etflores1,2025-01-16,19:15:34,-08:00,2025-01-16T19:15:34-08:00,0,0
style.css,23,css,5381e379,etflores1,2025-01-16,19:15:34,-08:00,2025-01-16T19:15:34-08:00,0,4
style.css,24,css,5381e379,etflores1,2025-01-16,19:15:34,-08:00,2025-01-16T19:15:34-08:00,0,13
style.css,25,css,5381e379,etflores1,2025-01-16,19:15:34,-08:00,2025-01-16T19:15:34-08:00,0,20
style.css,26,css,5381e379,etflores1,2025-01-16,19:15:34,-08:00,2025-01-16T19:15:34-08:00,0,24
style.css,27,css,5381e379,etflores1,2025-01-16,19:15:34,-08:00,2025-01-16T19:15:34-08:00,0,26
style.css,28,css,79c8e5b5,etflores1,2025-01-25,04:28:50,-08:00,2025-01-25T04:28:50-08:00,0,45
style.css,29,css,5381e379,etflores1,2025-01-16,19:15:34,-08:00,2025-01-16T19:15:34-08:00,0,0
style.css,30,css,5381e379,etflores1,2025-01-16,19:15:34,-08:00,2025-01-16T19:15:34-08:00,0,0
style.css,31,css,5381e379,etflores1,2025-01-16,19:15:34,-08:00,2025-01-16T19:15:34-08:00,0,6
style.css,32,css,79c8e5b5,etflores1,2025-01-25,04:28:50,-08:00,2025-01-25T04:28:50-08:00,0,7
style.css,33,css,5381e379,etflores1,2025-01-16,19:15:34,-08:00,2025-01-16T19:15:34-08:00,0,0
style.css,34,css,5381e379,etflores1,2025-01-16,19:15:34,-08:00,2025-01-16T19:15:34-08:00,0,0
style.css,35,css,5381e379,etflores1,2025-01-16,19:15:34,-08:00,2025-01-16T19:15:34-08:00,0,10
style.css,36,css,5381e379,etflores1,2025-01-16,19:15:34,-08:00,2025-01-16T19:15:34-08:00,0,26
style.css,37,css,79c8e5b5,etflores1,2025-01-25,04:28:50,-08:00,2025-01-25T04:28:50-08:00,0,45
style.css,38,css,5381e379,etflores1,2025-01-16,19:15:34,-08:00,2025-01-16T19:15:34-08:00,0,21
style.css,39,css,5381e379,etflores1,2025-01-16,19:15:34,-08:00,2025-01-16T19:15:34-08:00,0,26
style.css,40,css,5381e379,etflores1,2025-01-16,19:15:34,-08:00,2025-01-16T19:15:34-08:00,0,0
style.css,41,css,5381e379,etflores1,2025-01-16,19:15:34,-08:00,2025-01-16T19:15:34-08:00,0,0
style.css,42,css,5381e379,etflores1,2025-01-16,19:15:34,-08:00,2025-01-16T19:15:34-08:00,0,0
style.css,43,css,5381e379,etflores1,2025-01-16,19:15:34,-08:00,2025-01-16T19:15:34-08:00,0,6
style.css,44,css,5381e379,etflores1,2025-01-16,19:15:34,-08:00,2025-01-16T19:15:34-08:00,0,32
style.css,45,css,5381e379,etflores1,2025-01-16,19:15:34,-08:00,2025-01-16T19:15:34-08:00,0,33
style.css,46,css,5381e379,etflores1,2025-01-16,19:15:34,-08:00,2025-01-16T19:15:34-08:00,0,0
style.css,47,css,5381e379,etflores1,2025-01-16,19:15:34,-08:00,2025-01-16T19:15:34-08:00,0,0
style.css,48,css,5381e379,etflores1,2025-01-16,19:15:34,-08:00,2025-01-16T19:15:34-08:00,0,8
style.css,49,css,5381e379,etflores1,2025-01-16,19:15:34,-08:00,2025-01-16T19:15:34-08:00,0,26
style.css,50,css,5381e379,etflores1,2025-01-16,19:15:34,-08:00,2025-01-16T19:15:34-08:00,0,40
style.css,51,css,5381e379,etflores1,2025-01-16,19:15:34,-08:00,2025-01-16T19:15:34-08:00,0,21
style.css,52,css,5381e379,etflores1,2025-01-16,19:15:34,-08:00,2025-01-16T19:15:34-08:00,0,26
style.css,53,css,79c8e5b5,etflores1,2025-01-25,04:28:50,-08:00,2025-01-25T04:28:50-08:00,0,70
style.css,54,css,5381e379,etflores1,2025-01-16,19:15:34,-08:00,2025-01-16T19:15:34-08:00,0,0
style.css,55,css,5381e379,etflores1,2025-01-16,19:15:34,-08:00,2025-01-16T19:15:34-08:00,0,0
style.css,56,css,5381e379,etflores1,2025-01-16,19:15:34,-08:00,2025-01-16T19:15:34-08:00,0,5
style.css,57,css,88622095,etflores1,2025-01-16,20:24:41,-08:00,2025-01-16T20:24:41-08:00,0,9
style.css,58,css,88622095,etflores1,2025-01-16,20:24:41,-08:00,2025-01-16T20:24:41-08:00,0,13
style.css,59,css,88622095,etflores1,2025-01-16,20:24:41,-08:00,2025-01-16T20:24:41-08:00,0,0
style.css,60,css,88622095,etflores1,2025-01-16,20:24:41,-08:00,2025-01-16T20:24:41-08:00,0,0
style.css,61,css,5381e379,etflores1,2025-01-16,19:15:34,-08:00,2025-01-16T19:15:34-08:00,0,7
style.css,62,css,88622095,etflores1,2025-01-16,20:24:41,-08:00,2025-01-16T20:24:41-08:00,0,19
style.css,63,css,5381e379,etflores1,2025-01-16,19:15:34,-08:00,2025-01-16T19:15:34-08:00,0,13
style.css,64,css,5381e379,etflores1,2025-01-16,19:15:34,-08:00,2025-01-16T19:15:34-08:00,0,0
style.css,65,css,5381e379,etflores1,2025-01-16,19:15:34,-08:00,2025-01-16T19:15:34-08:00,0,0
style.css,66,css,5381e379,etflores1,2025-01-16,19:15:34,-08:00,2025-01-16T19:15:34-08:00,0,5
style.css,67,css,5381e379,etflores1,2025-01-16,19:15:34,-08:00,2025-01-16T19:15:34-08:00,0,13
style.css,68,css,5381e379,etflores1,2025-01-16,19:15:34,-08:00,2025-01-16T19:15:34-08:00,0,31
style.css,69,css,5381e379,etflores1,2025-01-16,19:15:34,-08:00,2025-01-16T19:15:34-08:00,0,8
style.css,70,css,5381e379,etflores1,2025-01-16,19:15:34,-08:00,2025-01-16T19:15:34-08:00,0,0
style.css,71,css,5381e379,etflores1,2025-01-16,19:15:34,-08:00,2025-01-16T19:15:34-08:00,0,0
style.css,72,css,5381e379,etflores1,2025-01-16,19:15:34,-08:00,2025-01-16T19:15:34-08:00,0,10
style.css,73,css,5381e379,etflores1,2025-01-16,19:15:34,-08:00,2025-01-16T19:15:34-08:00,0,12
style.css,74,css,5381e379,etflores1,2025-01-16,19:15:34,-08:00,2025-01-16T19:15:34-08:00,0,59
style.css,75,css,5381e379,etflores1,2025-01-16,19:15:34,-08:00,2025-01-16T19:15:34-08:00,0,8
style.css,76,css,5381e379,etflores1,2025-01-16,19:15:34,-08:00,2025-01-16T19:15:34-08:00,0,0
style.css,77,css,5381e379,etflores1,2025-01-16,19:15:34,-08:00,2025-01-16T19:15:34-08:00,0,0
style.css,78,css,5381e379,etflores1,2025-01-16,19:15:34,-08:00,2025-01-16T19:15:34-08:00,0,14
style.css,79,css,5381e379,etflores1,2025-01-16,19:15:34,-08:00,2025-01-16T19:15:34-08:00,0,11
style.css,80,css,b0494395,etflores1,2025-01-31,23:30:56,-08:00,2025-01-31T23:30:56-08:00,0,19
style.css,81,css,5381e379,etflores1,2025-01-16,19:15:34,-08:00,2025-01-16T19:15:34-08:00,0,0
style.css,82,css,5381e379,etflores1,2025-01-16,19:15:34,-08:00,2025-01-16T19:15:34-08:00,0,0
style.css,83,css,5381e379,etflores1,2025-01-16,19:15:34,-08:00,2025-01-16T19:15:34-08:00,0,8
style.css,84,css,5381e379,etflores1,2025-01-16,19:15:34,-08:00,2025-01-16T19:15:34-08:00,0,12
style.css,85,css,5381e379,etflores1,2025-01-16,19:15:34,-08:00,2025-01-16T19:15:34-08:00,0,27
style.css,86,css,5381e379,etflores1,2025-01-16,19:15:34,-08:00,2025-01-16T19:15:34-08:00,0,16
style.css,87,css,5381e379,etflores1,2025-01-16,19:15:34,-08:00,2025-01-16T19:15:34-08:00,0,0
style.css,88,css,5381e379,etflores1,2025-01-16,19:15:34,-08:00,2025-01-16T19:15:34-08:00,0,0
style.css,89,css,5381e379,etflores1,2025-01-16,19:15:34,-08:00,2025-01-16T19:15:34-08:00,0,3
style.css,90,css,5381e379,etflores1,2025-01-16,19:15:34,-08:00,2025-01-16T19:15:34-08:00,0,15
style.css,91,css,5381e379,etflores1,2025-01-16,19:15:34,-08:00,2025-01-16T19:15:34-08:00,0,0
style.css,92,css,5381e379,etflores1,2025-01-16,19:15:34,-08:00,2025-01-16T19:15:34-08:00,0,0
style.css,93,css,5381e379,etflores1,2025-01-16,19:15:34,-08:00,2025-01-16T19:15:34-08:00,0,3
style.css,94,css,5381e379,etflores1,2025-01-16,19:15:34,-08:00,2025-01-16T19:15:34-08:00,0,8
style.css,95,css,5381e379,etflores1,2025-01-16,19:15:34,-08:00,2025-01-16T19:15:34-08:00,0,0
style.css,96,css,5381e379,etflores1,2025-01-16,19:15:34,-08:00,2025-01-16T19:15:34-08:00,0,0
style.css,97,css,5381e379,etflores1,2025-01-16,19:15:34,-08:00,2025-01-16T19:15:34-08:00,0,23
style.css,98,css,5381e379,etflores1,2025-01-16,19:15:34,-08:00,2025-01-16T19:15:34-08:00,0,16
style.css,99,css,5381e379,etflores1,2025-01-16,19:15:34,-08:00,2025-01-16T19:15:34-08:00,0,18
style.css,100,css,5381e379,etflores1,2025-01-16,19:15:34,-08:00,2025-01-16T19:15:34-08:00,0,0
style.css,101,css,5381e379,etflores1,2025-01-16,19:15:34,-08:00,2025-01-16T19:15:34-08:00,0,0
style.css,102,css,5381e379,etflores1,2025-01-16,19:15:34,-08:00,2025-01-16T19:15:34-08:00,0,8
style.css,103,css,5381e379,etflores1,2025-01-16,19:15:34,-08:00,2025-01-16T19:15:34-08:00,0,16
style.css,104,css,5381e379,etflores1,2025-01-16,19:15:34,-08:00,2025-01-16T19:15:34-08:00,0,0
style.css,105,css,5381e379,etflores1,2025-01-16,19:15:34,-08:00,2025-01-16T19:15:34-08:00,0,24
style.css,106,css,5381e379,etflores1,2025-01-16,19:15:34,-08:00,2025-01-16T19:15:34-08:00,0,18
style.css,107,css,79c8e5b5,etflores1,2025-01-25,04:28:50,-08:00,2025-01-25T04:28:50-08:00,0,0
style.css,108,css,79c8e5b5,etflores1,2025-01-25,04:28:50,-08:00,2025-01-25T04:28:50-08:00,0,0
style.css,109,css,79c8e5b5,etflores1,2025-01-25,04:28:50,-08:00,2025-01-25T04:28:50-08:00,0,23
style.css,110,css,79c8e5b5,etflores1,2025-01-25,04:28:50,-08:00,2025-01-25T04:28:50-08:00,0,0
style.css,111,css,79c8e5b5,etflores1,2025-01-25,04:28:50,-08:00,2025-01-25T04:28:50-08:00,0,5
style.css,112,css,79c8e5b5,etflores1,2025-01-25,04:28:50,-08:00,2025-01-25T04:28:50-08:00,0,24
style.css,113,css,79c8e5b5,etflores1,2025-01-25,04:28:50,-08:00,2025-01-25T04:28:50-08:00,0,17
style.css,114,css,79c8e5b5,etflores1,2025-01-25,04:28:50,-08:00,2025-01-25T04:28:50-08:00,0,0
style.css,115,css,79c8e5b5,etflores1,2025-01-25,04:28:50,-08:00,2025-01-25T04:28:50-08:00,0,0
style.css,116,css,79c8e5b5,etflores1,2025-01-25,04:28:50,-08:00,2025-01-25T04:28:50-08:00,0,14
style.css,117,css,79c8e5b5,etflores1,2025-01-25,04:28:50,-08:00,2025-01-25T04:28:50-08:00,0,13
style.css,118,css,79c8e5b5,etflores1,2025-01-25,04:28:50,-08:00,2025-01-25T04:28:50-08:00,0,19
style.css,119,css,79c8e5b5,etflores1,2025-01-25,04:28:50,-08:00,2025-01-25T04:28:50-08:00,0,10
style.css,120,css,79c8e5b5,etflores1,2025-01-25,04:28:50,-08:00,2025-01-25T04:28:50-08:00,0,18
style.css,121,css,79c8e5b5,etflores1,2025-01-25,04:28:50,-08:00,2025-01-25T04:28:50-08:00,0,9
style.css,122,css,79c8e5b5,etflores1,2025-01-25,04:28:50,-08:00,2025-01-25T04:28:50-08:00,0,11
style.css,123,css,79c8e5b5,etflores1,2025-01-25,04:28:50,-08:00,2025-01-25T04:28:50-08:00,0,14
style.css,124,css,79c8e5b5,etflores1,2025-01-25,04:28:50,-08:00,2025-01-25T04:28:50-08:00,0,20
style.css,125,css,b17ad143,etflores1,2025-01-31,23:13:32,-08:00,2025-01-31T23:13:32-08:00,0,0
style.css,126,css,b17ad143,etflores1,2025-01-31,23:13:32,-08:00,2025-01-31T23:13:32-08:00,0,0
style.css,127,css,b17ad143,etflores1,2025-01-31,23:13:32,-08:00,2025-01-31T23:13:32-08:00,0,0
style.css,128,css,b17ad143,etflores1,2025-01-31,23:13:32,-08:00,2025-01-31T23:13:32-08:00,0,15
style.css,129,css,b17ad143,etflores1,2025-01-31,23:13:32,-08:00,2025-01-31T23:13:32-08:00,0,14
style.css,130,css,b17ad143,etflores1,2025-01-31,23:13:32,-08:00,2025-01-31T23:13:32-08:00,0,13
style.css,131,css,b17ad143,etflores1,2025-01-31,23:13:32,-08:00,2025-01-31T23:13:32-08:00,0,16
style.css,132,css,b17ad143,etflores1,2025-01-31,23:13:32,-08:00,2025-01-31T23:13:32-08:00,0,13
style.css,133,css,b17ad143,etflores1,2025-01-31,23:13:32,-08:00,2025-01-31T23:13:32-08:00,0,37
style.css,134,css,b17ad143,etflores1,2025-01-31,23:13:32,-08:00,2025-01-31T23:13:32-08:00,0,9
style.css,135,css,b17ad143,etflores1,2025-01-31,23:13:32,-08:00,2025-01-31T23:13:32-08:00,0,18
style.css,136,css,b17ad143,etflores1,2025-01-31,23:13:32,-08:00,2025-01-31T23:13:32-08:00,0,0
style.css,137,css,b17ad143,etflores1,2025-01-31,23:13:32,-08:00,2025-01-31T23:13:32-08:00,0,0
style.css,138,css,b17ad143,etflores1,2025-01-31,23:13:32,-08:00,2025-01-31T23:13:32-08:00,0,18
style.css,139,css,b17ad143,etflores1,2025-01-31,23:13:32,-08:00,2025-01-31T23:13:32-08:00,0,17
style.css,140,css,b17ad143,etflores1,2025-01-31,23:13:32,-08:00,2025-01-31T23:13:32-08:00,0,0
style.css,141,css,b17ad143,etflores1,2025-01-31,23:13:32,-08:00,2025-01-31T23:13:32-08:00,0,0
style.css,142,css,b17ad143,etflores1,2025-01-31,23:13:32,-08:00,2025-01-31T23:13:32-08:00,0,18
style.css,143,css,b17ad143,etflores1,2025-01-31,23:13:32,-08:00,2025-01-31T23:13:32-08:00,0,17
style.css,144,css,b17ad143,etflores1,2025-01-31,23:13:32,-08:00,2025-01-31T23:13:32-08:00,0,25
style.css,145,css,b17ad143,etflores1,2025-01-31,23:13:32,-08:00,2025-01-31T23:13:32-08:00,0,17
style.css,146,css,b17ad143,etflores1,2025-01-31,23:13:32,-08:00,2025-01-31T23:13:32-08:00,0,25
style.css,147,css,b17ad143,etflores1,2025-01-31,23:13:32,-08:00,2025-01-31T23:13:32-08:00,0,11
style.css,148,css,b17ad143,etflores1,2025-01-31,23:13:32,-08:00,2025-01-31T23:13:32-08:00,0,0
style.css,149,css,b17ad143,etflores1,2025-01-31,23:13:32,-08:00,2025-01-31T23:13:32-08:00,0,0
style.css,150,css,b17ad143,etflores1,2025-01-31,23:13:32,-08:00,2025-01-31T23:13:32-08:00,0,18
style.css,151,css,b17ad143,etflores1,2025-01-31,23:13:32,-08:00,2025-01-31T23:13:32-08:00,0,9
style.css,152,css,b17ad143,etflores1,2025-01-31,23:13:32,-08:00,2025-01-31T23:13:32-08:00,0,15
style.css,153,css,b17ad143,etflores1,2025-01-31,23:13:32,-08:00,2025-01-31T23:13:32-08:00,0,16
style.css,154,css,b17ad143,etflores1,2025-01-31,23:13:32,-08:00,2025-01-31T23:13:32-08:00,0,11
style.css,155,css,b17ad143,etflores1,2025-01-31,23:13:32,-08:00,2025-01-31T23:13:32-08:00,0,14
style.css,156,css,f0bd287f,etflores1,2025-02-08,14:59:07,-08:00,2025-02-08T14:59:07-08:00,0,0
style.css,157,css,f0bd287f,etflores1,2025-02-08,14:59:07,-08:00,2025-02-08T14:59:07-08:00,0,0
style.css,158,css,f0bd287f,etflores1,2025-02-08,14:59:07,-08:00,2025-02-08T14:59:07-08:00,0,15
style.css,159,css,f0bd287f,etflores1,2025-02-08,14:59:07,-08:00,2025-02-08T14:59:07-08:00,0,15
style.css,160,css,f0bd287f,etflores1,2025-02-08,14:59:07,-08:00,2025-02-08T14:59:07-08:00,0,17
style.css,161,css,f0bd287f,etflores1,2025-02-08,14:59:07,-08:00,2025-02-08T14:59:07-08:00,0,0
style.css,162,css,f0bd287f,etflores1,2025-02-08,14:59:07,-08:00,2025-02-08T14:59:07-08:00,0,17
style.css,163,css,f0bd287f,etflores1,2025-02-08,14:59:07,-08:00,2025-02-08T14:59:07-08:00,0,0
style.css,164,css,f0bd287f,etflores1,2025-02-08,14:59:07,-08:00,2025-02-08T14:59:07-08:00,0,0
style.css,165,css,f0bd287f,etflores1,2025-02-08,14:59:07,-08:00,2025-02-08T14:59:07-08:00,0,8
style.css,166,css,f0bd287f,etflores1,2025-02-08,14:59:07,-08:00,2025-02-08T14:59:07-08:00,0,13
style.css,167,css,f0bd287f,etflores1,2025-02-08,14:59:07,-08:00,2025-02-08T14:59:07-08:00,0,58
style.css,168,css,f0bd287f,etflores1,2025-02-08,14:59:07,-08:00,2025-02-08T14:59:07-08:00,0,9
style.css,169,css,f0bd287f,etflores1,2025-02-08,14:59:07,-08:00,2025-02-08T14:59:07-08:00,0,15
style.css,170,css,f0bd287f,etflores1,2025-02-08,14:59:07,-08:00,2025-02-08T14:59:07-08:00,0,14
style.css,171,css,f0bd287f,etflores1,2025-02-08,14:59:07,-08:00,2025-02-08T14:59:07-08:00,0,22
style.css,172,css,f0bd287f,etflores1,2025-02-08,14:59:07,-08:00,2025-02-08T14:59:07-08:00,0,25
style.css,173,css,f0bd287f,etflores1,2025-02-08,14:59:07,-08:00,2025-02-08T14:59:07-08:00,0,18
style.css,174,css,f0bd287f,etflores1,2025-02-08,14:59:07,-08:00,2025-02-08T14:59:07-08:00,0,7
style.css,175,css,f0bd287f,etflores1,2025-02-08,14:59:07,-08:00,2025-02-08T14:59:07-08:00,0,0
style.css,176,css,f0bd287f,etflores1,2025-02-08,14:59:07,-08:00,2025-02-08T14:59:07-08:00,0,0
style.css,177,css,f0bd287f,etflores1,2025-02-08,14:59:07,-08:00,2025-02-08T14:59:07-08:00,0,11
style.css,178,css,f0bd287f,etflores1,2025-02-08,14:59:07,-08:00,2025-02-08T14:59:07-08:00,0,13
style.css,179,css,f0bd287f,etflores1,2025-02-08,14:59:07,-08:00,2025-02-08T14:59:07-08:00,0,19
style.css,180,css,f0bd287f,etflores1,2025-02-08,14:59:07,-08:00,2025-02-08T14:59:07-08:00,0,11
style.css,181,css,f0bd287f,etflores1,2025-02-08,14:59:07,-08:00,2025-02-08T14:59:07-08:00,0,16
style.css,182,css,f0bd287f,etflores1,2025-02-08,14:59:07,-08:00,2025-02-08T14:59:07-08:00,0,0
style.css,183,css,b9c2618d,etflores1,2025-02-14,23:09:33,-08:00,2025-02-14T23:09:33-08:00,0,0
style.css,184,css,f0bd287f,etflores1,2025-02-08,14:59:07,-08:00,2025-02-08T14:59:07-08:00,0,16
style.css,185,css,f0bd287f,etflores1,2025-02-08,14:59:07,-08:00,2025-02-08T14:59:07-08:00,0,11
style.css,186,css,f0bd287f,etflores1,2025-02-08,14:59:07,-08:00,2025-02-08T14:59:07-08:00,0,12
style.css,187,css,f0bd287f,etflores1,2025-02-08,14:59:07,-08:00,2025-02-08T14:59:07-08:00,0,19
style.css,188,css,f0bd287f,etflores1,2025-02-08,14:59:07,-08:00,2025-02-08T14:59:07-08:00,0,30
style.css,189,css,f0bd287f,etflores1,2025-02-08,14:59:07,-08:00,2025-02-08T14:59:07-08:00,0,18
style.css,190,css,f0bd287f,etflores1,2025-02-08,14:59:07,-08:00,2025-02-08T14:59:07-08:00,0,21
style.css,191,css,f0bd287f,etflores1,2025-02-08,14:59:07,-08:00,2025-02-08T14:59:07-08:00,0,0
style.css,192,css,f0bd287f,etflores1,2025-02-08,14:59:07,-08:00,2025-02-08T14:59:07-08:00,0,0
style.css,193,css,f0bd287f,etflores1,2025-02-08,14:59:07,-08:00,2025-02-08T14:59:07-08:00,0,11
style.css,194,css,f0bd287f,etflores1,2025-02-08,14:59:07,-08:00,2025-02-08T14:59:07-08:00,0,13
style.css,195,css,f0bd287f,etflores1,2025-02-08,14:59:07,-08:00,2025-02-08T14:59:07-08:00,0,19
style.css,196,css,f0bd287f,etflores1,2025-02-08,14:59:07,-08:00,2025-02-08T14:59:07-08:00,0,9
style.css,197,css,f0bd287f,etflores1,2025-02-08,14:59:07,-08:00,2025-02-08T14:59:07-08:00,0,0
style.css,198,css,f0bd287f,etflores1,2025-02-08,14:59:07,-08:00,2025-02-08T14:59:07-08:00,0,0
style.css,199,css,f0bd287f,etflores1,2025-02-08,14:59:07,-08:00,2025-02-08T14:59:07-08:00,0,37
style.css,200,css,f0bd287f,etflores1,2025-02-08,14:59:07,-08:00,2025-02-08T14:59:07-08:00,0,12
style.css,201,css,f0bd287f,etflores1,2025-02-08,14:59:07,-08:00,2025-02-08T14:59:07-08:00,0,29
style.css,202,css,f0bd287f,etflores1,2025-02-08,14:59:07,-08:00,2025-02-08T14:59:07-08:00,0,0
style.css,203,css,f0bd287f,etflores1,2025-02-08,14:59:07,-08:00,2025-02-08T14:59:07-08:00,0,0
style.css,204,css,f0bd287f,etflores1,2025-02-08,14:59:07,-08:00,2025-02-08T14:59:07-08:00,0,5
style.css,205,css,f0bd287f,etflores1,2025-02-08,14:59:07,-08:00,2025-02-08T14:59:07-08:00,0,17
style.css,206,css,f0bd287f,etflores1,2025-02-08,14:59:07,-08:00,2025-02-08T14:59:07-08:00,0,0
style.css,207,css,f0bd287f,etflores1,2025-02-08,14:59:07,-08:00,2025-02-08T14:59:07-08:00,0,0
style.css,208,css,f0bd287f,etflores1,2025-02-08,14:59:07,-08:00,2025-02-08T14:59:07-08:00,0,10
style.css,209,css,f0bd287f,etflores1,2025-02-08,14:59:07,-08:00,2025-02-08T14:59:07-08:00,0,36
style.css,210,css,f0bd287f,etflores1,2025-02-08,14:59:07,-08:00,2025-02-08T14:59:07-08:00,0,0
style.css,211,css,f0bd287f,etflores1,2025-02-08,14:59:07,-08:00,2025-02-08T14:59:07-08:00,0,11
style.css,212,css,f0bd287f,etflores1,2025-02-08,14:59:07,-08:00,2025-02-08T14:59:07-08:00,0,18
style.css,213,css,f0bd287f,etflores1,2025-02-08,14:59:07,-08:00,2025-02-08T14:59:07-08:00,0,0
style.css,214,css,f0bd287f,etflores1,2025-02-08,14:59:07,-08:00,2025-02-08T14:59:07-08:00,0,0
style.css,215,css,f0bd287f,etflores1,2025-02-08,14:59:07,-08:00,2025-02-08T14:59:07-08:00,0,0
style.css,216,css,f0bd287f,etflores1,2025-02-08,14:59:07,-08:00,2025-02-08T14:59:07-08:00,0,17
style.css,217,css,f0bd287f,etflores1,2025-02-08,14:59:07,-08:00,2025-02-08T14:59:07-08:00,0,17
style.css,218,css,f0bd287f,etflores1,2025-02-08,14:59:07,-08:00,2025-02-08T14:59:07-08:00,0,0
style.css,219,css,f0bd287f,etflores1,2025-02-08,14:59:07,-08:00,2025-02-08T14:59:07-08:00,0,0
style.css,220,css,f0bd287f,etflores1,2025-02-08,14:59:07,-08:00,2025-02-08T14:59:07-08:00,0,5
style.css,221,css,f0bd287f,etflores1,2025-02-08,14:59:07,-08:00,2025-02-08T14:59:07-08:00,0,15
style.css,222,css,f0bd287f,etflores1,2025-02-08,14:59:07,-08:00,2025-02-08T14:59:07-08:00,0,0
style.css,223,css,f0bd287f,etflores1,2025-02-08,14:59:07,-08:00,2025-02-08T14:59:07-08:00,0,0
style.css,224,css,f0bd287f,etflores1,2025-02-08,14:59:07,-08:00,2025-02-08T14:59:07-08:00,0,11
style.css,225,css,f0bd287f,etflores1,2025-02-08,14:59:07,-08:00,2025-02-08T14:59:07-08:00,0,11
style.css,226,css,f0bd287f,etflores1,2025-02-08,14:59:07,-08:00,2025-02-08T14:59:07-08:00,0,12
style.css,227,css,f0bd287f,etflores1,2025-02-08,14:59:07,-08:00,2025-02-08T14:59:07-08:00,0,13
style.css,228,css,f0bd287f,etflores1,2025-02-08,14:59:07,-08:00,2025-02-08T14:59:07-08:00,0,15
style.css,229,css,f0bd287f,etflores1,2025-02-08,14:59:07,-08:00,2025-02-08T14:59:07-08:00,0,22
style.css,230,css,f0bd287f,etflores1,2025-02-08,14:59:07,-08:00,2025-02-08T14:59:07-08:00,0,22
style.css,231,css,f0bd287f,etflores1,2025-02-08,14:59:07,-08:00,2025-02-08T14:59:07-08:00,0,19
style.css,232,css,f0bd287f,etflores1,2025-02-08,14:59:07,-08:00,2025-02-08T14:59:07-08:00,0,0
style.css,233,css,f0bd287f,etflores1,2025-02-08,14:59:07,-08:00,2025-02-08T14:59:07-08:00,0,0
style.css,234,css,b9c2618d,etflores1,2025-02-14,23:09:33,-08:00,2025-02-14T23:09:33-08:00,0,0
style.css,235,css,b9c2618d,etflores1,2025-02-14,23:09:33,-08:00,2025-02-14T23:09:33-08:00,0,10
style.css,236,css,b9c2618d,etflores1,2025-02-14,23:09:33,-08:00,2025-02-14T23:09:33-08:00,0,6
style.css,237,css,b9c2618d,etflores1,2025-02-14,23:09:33,-08:00,2025-02-14T23:09:33-08:00,0,27
style.css,238,css,b9c2618d,etflores1,2025-02-14,23:09:33,-08:00,2025-02-14T23:09:33-08:00,0,18
style.css,239,css,b9c2618d,etflores1,2025-02-14,23:09:33,-08:00,2025-02-14T23:09:33-08:00,0,20
style.css,240,css,b9c2618d,etflores1,2025-02-14,23:09:33,-08:00,2025-02-14T23:09:33-08:00,0,0
style.css,241,css,b9c2618d,etflores1,2025-02-14,23:09:33,-08:00,2025-02-14T23:09:33-08:00,0,0
style.css,242,css,b9c2618d,etflores1,2025-02-14,23:09:33,-08:00,2025-02-14T23:09:33-08:00,0,20
style.css,243,css,b9c2618d,etflores1,2025-02-14,23:09:33,-08:00,2025-02-14T23:09:33-08:00,0,24
style.css,244,css,b9c2618d,etflores1,2025-02-14,23:09:33,-08:00,2025-02-14T23:09:33-08:00,0,21
style.css,245,css,b9c2618d,etflores1,2025-02-14,23:09:33,-08:00,2025-02-14T23:09:33-08:00,0,20
style.css,246,css,b9c2618d,etflores1,2025-02-14,23:09:33,-08:00,2025-02-14T23:09:33-08:00,0,0
style.css,247,css,b9c2618d,etflores1,2025-02-14,23:09:33,-08:00,2025-02-14T23:09:33-08:00,0,7
style.css,248,css,b9c2618d,etflores1,2025-02-14,23:09:33,-08:00,2025-02-14T23:09:33-08:00,0,13
style.css,249,css,b9c2618d,etflores1,2025-02-14,23:09:33,-08:00,2025-02-14T23:09:33-08:00,0,59
style.css,250,css,b9c2618d,etflores1,2025-02-14,23:09:33,-08:00,2025-02-14T23:09:33-08:00,0,25
style.css,251,css,b9c2618d,etflores1,2025-02-14,23:09:33,-08:00,2025-02-14T23:09:33-08:00,0,11
style.css,252,css,b9c2618d,etflores1,2025-02-14,23:09:33,-08:00,2025-02-14T23:09:33-08:00,0,18
style.css,253,css,b9c2618d,etflores1,2025-02-14,23:09:33,-08:00,2025-02-14T23:09:33-08:00,0,23
style.css,254,css,b9c2618d,etflores1,2025-02-14,23:09:33,-08:00,2025-02-14T23:09:33-08:00,0,18
style.css,255,css,b9c2618d,etflores1,2025-02-14,23:09:33,-08:00,2025-02-14T23:09:33-08:00,0,19
style.css,256,css,b9c2618d,etflores1,2025-02-14,23:09:33,-08:00,2025-02-14T23:09:33-08:00,0,37
style.css,257,css,b9c2618d,etflores1,2025-02-14,23:09:33,-08:00,2025-02-14T23:09:33-08:00,0,15
style.css,258,css,b9c2618d,etflores1,2025-02-14,23:09:33,-08:00,2025-02-14T23:09:33-08:00,0,41
style.css,259,css,b9c2618d,etflores1,2025-02-14,23:09:33,-08:00,2025-02-14T23:09:33-08:00,0,18
style.css,260,css,b9c2618d,etflores1,2025-02-14,23:09:33,-08:00,2025-02-14T23:09:33-08:00,0,24
style.css,261,css,b9c2618d,etflores1,2025-02-14,23:09:33,-08:00,2025-02-14T23:09:33-08:00,0,0
style.css,262,css,b9c2618d,etflores1,2025-02-14,23:09:33,-08:00,2025-02-14T23:09:33-08:00,0,0
style.css,263,css,b9c2618d,etflores1,2025-02-14,23:09:33,-08:00,2025-02-14T23:09:33-08:00,0,0
style.css,264,css,b9c2618d,etflores1,2025-02-14,23:09:33,-08:00,2025-02-14T23:09:33-08:00,0,10
style.css,265,css,b9c2618d,etflores1,2025-02-14,23:09:33,-08:00,2025-02-14T23:09:33-08:00,0,18
style.css,266,css,b9c2618d,etflores1,2025-02-14,23:09:33,-08:00,2025-02-14T23:09:33-08:00,0,17
style.css,267,css,b9c2618d,etflores1,2025-02-14,23:09:33,-08:00,2025-02-14T23:09:33-08:00,0,25
style.css,268,css,b9c2618d,etflores1,2025-02-14,23:09:33,-08:00,2025-02-14T23:09:33-08:00,0,14
style.css,269,css,b9c2618d,etflores1,2025-02-14,23:09:33,-08:00,2025-02-14T23:09:33-08:00,0,23
style.css,270,css,b9c2618d,etflores1,2025-02-14,23:09:33,-08:00,2025-02-14T23:09:33-08:00,0,11
style.css,271,css,b9c2618d,etflores1,2025-02-14,23:09:33,-08:00,2025-02-14T23:09:33-08:00,0,0
style.css,272,css,b9c2618d,etflores1,2025-02-14,23:09:33,-08:00,2025-02-14T23:09:33-08:00,0,0
style.css,273,css,b9c2618d,etflores1,2025-02-14,23:09:33,-08:00,2025-02-14T23:09:33-08:00,0,10
style.css,274,css,b9c2618d,etflores1,2025-02-14,23:09:33,-08:00,2025-02-14T23:09:33-08:00,0,15
style.css,275,css,b9c2618d,etflores1,2025-02-14,23:09:33,-08:00,2025-02-14T23:09:33-08:00,0,16
style.css,276,css,b9c2618d,etflores1,2025-02-14,23:09:33,-08:00,2025-02-14T23:09:33-08:00,0,14
style.css,277,css,b9c2618d,etflores1,2025-02-14,23:09:33,-08:00,2025-02-14T23:09:33-08:00,0,9
style.css,278,css,b9c2618d,etflores1,2025-02-14,23:09:33,-08:00,2025-02-14T23:09:33-08:00,0,11
style.css,279,css,b9c2618d,etflores1,2025-02-14,23:09:33,-08:00,2025-02-14T23:09:33-08:00,0,0
style.css,280,css,b9c2618d,etflores1,2025-02-14,23:09:33,-08:00,2025-02-14T23:09:33-08:00,0,0
style.css,281,css,b9c2618d,etflores1,2025-02-14,23:09:33,-08:00,2025-02-14T23:09:33-08:00,0,16
style.css,282,css,b9c2618d,etflores1,2025-02-14,23:09:33,-08:00,2025-02-14T23:09:33-08:00,0,32
style.css,283,css,b9c2618d,etflores1,2025-02-14,23:09:33,-08:00,2025-02-14T23:09:33-08:00,0,17
style.css,284,css,b9c2618d,etflores1,2025-02-14,23:09:33,-08:00,2025-02-14T23:09:33-08:00,0,21
style.css,285,css,b9c2618d,etflores1,2025-02-14,23:09:33,-08:00,2025-02-14T23:09:33-08:00,0,0
style.css,286,css,b9c2618d,etflores1,2025-02-14,23:09:33,-08:00,2025-02-14T23:09:33-08:00,0,0
style.css,287,css,b9c2618d,etflores1,2025-02-14,23:09:33,-08:00,2025-02-14T23:09:33-08:00,0,8
style.css,288,css,b9c2618d,etflores1,2025-02-14,23:09:33,-08:00,2025-02-14T23:09:33-08:00,0,13
style.css,289,css,b9c2618d,etflores1,2025-02-14,23:09:33,-08:00,2025-02-14T23:09:33-08:00,0,31
style.css,290,css,b9c2618d,etflores1,2025-02-14,23:09:33,-08:00,2025-02-14T23:09:33-08:00,0,14
style.css,291,css,b9c2618d,etflores1,2025-02-14,23:09:33,-08:00,2025-02-14T23:09:33-08:00,0,9
style.css,292,css,b9c2618d,etflores1,2025-02-14,23:09:33,-08:00,2025-02-14T23:09:33-08:00,0,14
style.css,293,css,b9c2618d,etflores1,2025-02-14,23:09:33,-08:00,2025-02-14T23:09:33-08:00,0,17
style.css,294,css,b9c2618d,etflores1,2025-02-14,23:09:33,-08:00,2025-02-14T23:09:33-08:00,0,0
style.css,295,css,b9c2618d,etflores1,2025-02-14,23:09:33,-08:00,2025-02-14T23:09:33-08:00,0,0
style.css,296,css,b9c2618d,etflores1,2025-02-14,23:09:33,-08:00,2025-02-14T23:09:33-08:00,0,11
style.css,297,css,b9c2618d,etflores1,2025-02-14,23:09:33,-08:00,2025-02-14T23:09:33-08:00,0,17
style.css,298,css,b9c2618d,etflores1,2025-02-14,23:09:33,-08:00,2025-02-14T23:09:33-08:00,0,25
style.css,299,css,b9c2618d,etflores1,2025-02-14,23:09:33,-08:00,2025-02-14T23:09:33-08:00,0,17
style.css,300,css,b9c2618d,etflores1,2025-02-14,23:09:33,-08:00,2025-02-14T23:09:33-08:00,0,11
style.css,301,css,b9c2618d,etflores1,2025-02-14,23:09:33,-08:00,2025-02-14T23:09:33-08:00,0,0
style.css,302,css,b9c2618d,etflores1,2025-02-14,23:09:33,-08:00,2025-02-14T23:09:33-08:00,0,0
style.css,303,css,b9c2618d,etflores1,2025-02-14,23:09:33,-08:00,2025-02-14T23:09:33-08:00,0,11
style.css,304,css,b9c2618d,etflores1,2025-02-14,23:09:33,-08:00,2025-02-14T23:09:33-08:00,0,16
style.css,305,css,b9c2618d,etflores1,2025-02-14,23:09:33,-08:00,2025-02-14T23:09:33-08:00,0,9
style.css,306,css,b9c2618d,etflores1,2025-02-14,23:09:33,-08:00,2025-02-14T23:09:33-08:00,0,0
style.css,307,css,b9c2618d,etflores1,2025-02-14,23:09:33,-08:00,2025-02-14T23:09:33-08:00,0,0
style.css,308,css,b9c2618d,etflores1,2025-02-14,23:09:33,-08:00,2025-02-14T23:09:33-08:00,0,0
style.css,309,css,b9c2618d,etflores1,2025-02-14,23:09:33,-08:00,2025-02-14T23:09:33-08:00,0,0
style.css,310,css,f0bd287f,etflores1,2025-02-08,14:59:07,-08:00,2025-02-08T14:59:07-08:00,0,0
index.js,1,js,b17ad143,etflores1,2025-01-31,23:13:32,-08:00,2025-01-31T23:13:32-08:00,0,72
index.js,2,js,b17ad143,etflores1,2025-01-31,23:13:32,-08:00,2025-01-31T23:13:32-08:00,0,0
index.js,3,js,b17ad143,etflores1,2025-01-31,23:13:32,-08:00,2025-01-31T23:13:32-08:00,0,55
index.js,4,js,b17ad143,etflores1,2025-01-31,23:13:32,-08:00,2025-01-31T23:13:32-08:00,0,43
index.js,5,js,b17ad143,etflores1,2025-01-31,23:13:32,-08:00,2025-01-31T23:13:32-08:00,0,0
index.js,6,js,b17ad143,etflores1,2025-01-31,23:13:32,-08:00,2025-01-31T23:13:32-08:00,0,61
index.js,7,js,b17ad143,etflores1,2025-01-31,23:13:32,-08:00,2025-01-31T23:13:32-08:00,0,0
index.js,8,js,b17ad143,etflores1,2025-01-31,23:13:32,-08:00,2025-01-31T23:13:32-08:00,0,55
index.js,9,js,b17ad143,etflores1,2025-01-31,23:13:32,-08:00,2025-01-31T23:13:32-08:00,0,0
index.js,10,js,b17ad143,etflores1,2025-01-31,23:13:32,-08:00,2025-01-31T23:13:32-08:00,0,0
index.js,11,js,b17ad143,etflores1,2025-01-31,23:13:32,-08:00,2025-01-31T23:13:32-08:00,0,0
index.js,12,js,b17ad143,etflores1,2025-01-31,23:13:32,-08:00,2025-01-31T23:13:32-08:00,0,53
index.js,13,js,b17ad143,etflores1,2025-01-31,23:13:32,-08:00,2025-01-31T23:13:32-08:00,0,61
index.js,14,js,b17ad143,etflores1,2025-01-31,23:13:32,-08:00,2025-01-31T23:13:32-08:00,0,0
index.js,15,js,b17ad143,etflores1,2025-01-31,23:13:32,-08:00,2025-01-31T23:13:32-08:00,0,18
index.js,16,js,b17ad143,etflores1,2025-01-31,23:13:32,-08:00,2025-01-31T23:13:32-08:00,0,25
index.js,17,js,b17ad143,etflores1,2025-01-31,23:13:32,-08:00,2025-01-31T23:13:32-08:00,0,3
index.js,18,js,b17ad143,etflores1,2025-01-31,23:13:32,-08:00,2025-01-31T23:13:32-08:00,0,56
index.js,19,js,b17ad143,etflores1,2025-01-31,23:13:32,-08:00,2025-01-31T23:13:32-08:00,0,56
index.js,20,js,b17ad143,etflores1,2025-01-31,23:13:32,-08:00,2025-01-31T23:13:32-08:00,0,50
index.js,21,js,b17ad143,etflores1,2025-01-31,23:13:32,-08:00,2025-01-31T23:13:32-08:00,0,50
index.js,22,js,b17ad143,etflores1,2025-01-31,23:13:32,-08:00,2025-01-31T23:13:32-08:00,0,4
index.js,23,js,b17ad143,etflores1,2025-01-31,23:13:32,-08:00,2025-01-31T23:13:32-08:00,0,1
index.js,24,js,b17ad143,etflores1,2025-01-31,23:13:32,-08:00,2025-01-31T23:13:32-08:00,0,0
index.html,1,html,40f9f926,etflores1,2025-01-10,14:09:16,-08:00,2025-01-10T14:09:16-08:00,0,14
index.html,2,html,40f9f926,etflores1,2025-01-10,14:09:16,-08:00,2025-01-10T14:09:16-08:00,0,15
index.html,3,html,40f9f926,etflores1,2025-01-10,14:09:16,-08:00,2025-01-10T14:09:16-08:00,0,5
index.html,4,html,40f9f926,etflores1,2025-01-10,14:09:16,-08:00,2025-01-10T14:09:16-08:00,0,21
index.html,5,html,40f9f926,etflores1,2025-01-10,14:09:16,-08:00,2025-01-10T14:09:16-08:00,0,69
index.html,6,html,f27084f9,etflores1,2025-01-10,19:02:21,-08:00,2025-01-10T19:02:21-08:00,0,55
index.html,7,html,47cfaa44,etflores1,2025-01-10,17:51:51,-08:00,2025-01-10T17:51:51-08:00,0,43
index.html,8,html,40f9f926,etflores1,2025-01-10,14:09:16,-08:00,2025-01-10T14:09:16-08:00,0,6
index.html,9,html,40f9f926,etflores1,2025-01-10,14:09:16,-08:00,2025-01-10T14:09:16-08:00,0,5
index.html,10,html,79c8e5b5,etflores1,2025-01-25,04:28:50,-08:00,2025-01-25T04:28:50-08:00,0,9
index.html,11,html,5cd02422,etflores1,2025-01-10,18:47:48,-08:00,2025-01-10T18:47:48-08:00,0,3
index.html,12,html,79c8e5b5,etflores1,2025-01-25,04:28:50,-08:00,2025-01-25T04:28:50-08:00,0,37
index.html,13,html,5cd02422,etflores1,2025-01-10,18:47:48,-08:00,2025-01-10T18:47:48-08:00,0,49
index.html,14,html,5cd02422,etflores1,2025-01-10,18:47:48,-08:00,2025-01-10T18:47:48-08:00,0,50
index.html,15,html,5cd02422,etflores1,2025-01-10,18:47:48,-08:00,2025-01-10T18:47:48-08:00,0,48
index.html,16,html,5cd02422,etflores1,2025-01-10,18:47:48,-08:00,2025-01-10T18:47:48-08:00,0,78
index.html,17,html,5cd02422,etflores1,2025-01-10,18:47:48,-08:00,2025-01-10T18:47:48-08:00,0,4
index.html,18,html,79c8e5b5,etflores1,2025-01-25,04:28:50,-08:00,2025-01-25T04:28:50-08:00,0,9
index.html,19,html,5381e379,etflores1,2025-01-16,19:15:34,-08:00,2025-01-16T19:15:34-08:00,0,0
index.html,20,html,5381e379,etflores1,2025-01-16,19:15:34,-08:00,2025-01-16T19:15:34-08:00,0,20
index.html,21,html,5381e379,etflores1,2025-01-16,19:15:34,-08:00,2025-01-16T19:15:34-08:00,0,65
index.html,22,html,5381e379,etflores1,2025-01-16,19:15:34,-08:00,2025-01-16T19:15:34-08:00,0,79
index.html,23,html,b17ad143,etflores1,2025-01-31,23:13:32,-08:00,2025-01-31T23:13:32-08:00,0,0
index.html,24,html,c98277b1,etflores1,2025-01-25,04:49:52,-08:00,2025-01-25T04:49:52-08:00,0,46
index.html,25,html,b17ad143,etflores1,2025-01-31,23:13:32,-08:00,2025-01-31T23:13:32-08:00,0,0
index.html,26,html,b17ad143,etflores1,2025-01-31,23:13:32,-08:00,2025-01-31T23:13:32-08:00,0,0
index.html,27,html,b17ad143,etflores1,2025-01-31,23:13:32,-08:00,2025-01-31T23:13:32-08:00,0,23
index.html,28,html,b17ad143,etflores1,2025-01-31,23:13:32,-08:00,2025-01-31T23:13:32-08:00,0,21
index.html,29,html,b17ad143,etflores1,2025-01-31,23:13:32,-08:00,2025-01-31T23:13:32-08:00,0,50
index.html,30,html,b17ad143,etflores1,2025-01-31,23:13:32,-08:00,2025-01-31T23:13:32-08:00,0,5
index.html,31,html,b17ad143,etflores1,2025-01-31,23:13:32,-08:00,2025-01-31T23:13:32-08:00,0,0
index.html,32,html,b17ad143,etflores1,2025-01-31,23:13:32,-08:00,2025-01-31T23:13:32-08:00,0,0
index.html,33,html,b17ad143,etflores1,2025-01-31,23:13:32,-08:00,2025-01-31T23:13:32-08:00,0,23
index.html,34,html,b17ad143,etflores1,2025-01-31,23:13:32,-08:00,2025-01-31T23:13:32-08:00,0,40
index.html,35,html,b17ad143,etflores1,2025-01-31,23:13:32,-08:00,2025-01-31T23:13:32-08:00,0,42
index.html,36,html,b17ad143,etflores1,2025-01-31,23:13:32,-08:00,2025-01-31T23:13:32-08:00,0,5
index.html,37,html,b17ad143,etflores1,2025-01-31,23:13:32,-08:00,2025-01-31T23:13:32-08:00,0,0
index.html,38,html,d831946e,etflores1,2025-01-31,23:36:22,-08:00,2025-01-31T23:36:22-08:00,0,46
index.html,39,html,d831946e,etflores1,2025-01-31,23:36:22,-08:00,2025-01-31T23:36:22-08:00,0,60
index.html,40,html,b17ad143,etflores1,2025-01-31,23:13:32,-08:00,2025-01-31T23:13:32-08:00,0,45
index.html,41,html,b17ad143,etflores1,2025-01-31,23:13:32,-08:00,2025-01-31T23:13:32-08:00,0,0
index.html,42,html,40f9f926,etflores1,2025-01-10,14:09:16,-08:00,2025-01-10T14:09:16-08:00,0,6
index.html,43,html,40f9f926,etflores1,2025-01-10,14:09:16,-08:00,2025-01-10T14:09:16-08:00,0,6
global.js,1,js,79c8e5b5,etflores1,2025-01-25,04:28:50,-08:00,2025-01-25T04:28:50-08:00,0,26
global.js,2,js,79c8e5b5,etflores1,2025-01-25,04:28:50,-08:00,2025-01-25T04:28:50-08:00,0,0
global.js,3,js,79c8e5b5,etflores1,2025-01-25,04:28:50,-08:00,2025-01-25T04:28:50-08:00,0,42
global.js,4,js,79c8e5b5,etflores1,2025-01-25,04:28:50,-08:00,2025-01-25T04:28:50-08:00,0,53
global.js,5,js,79c8e5b5,etflores1,2025-01-25,04:28:50,-08:00,2025-01-25T04:28:50-08:00,0,0
global.js,6,js,79c8e5b5,etflores1,2025-01-25,04:28:50,-08:00,2025-01-25T04:28:50-08:00,0,0
global.js,7,js,79c8e5b5,etflores1,2025-01-25,04:28:50,-08:00,2025-01-25T04:28:50-08:00,0,12
global.js,8,js,0a56ad6a,etflores1,2025-01-25,05:18:08,-08:00,2025-01-25T05:18:08-08:00,0,26
global.js,9,js,0a56ad6a,etflores1,2025-01-25,05:18:08,-08:00,2025-01-25T05:18:08-08:00,0,39
global.js,10,js,0a56ad6a,etflores1,2025-01-25,05:18:08,-08:00,2025-01-25T05:18:08-08:00,0,35
global.js,11,js,2db5076e,etflores1,2025-02-14,02:54:01,-08:00,2025-02-14T02:54:01-08:00,0,31
global.js,12,js,2db5076e,etflores1,2025-02-14,02:54:01,-08:00,2025-02-14T02:54:01-08:00,0,37
global.js,13,js,fcb0cc7d,etflores1,2025-01-25,05:21:01,-08:00,2025-01-25T05:21:01-08:00,0,64
global.js,14,js,79c8e5b5,etflores1,2025-01-25,04:28:50,-08:00,2025-01-25T04:28:50-08:00,0,1
global.js,15,js,99f29357,etflores1,2025-01-25,05:04:46,-08:00,2025-01-25T05:04:46-08:00,0,0
global.js,16,js,79c8e5b5,etflores1,2025-01-25,04:28:50,-08:00,2025-01-25T04:28:50-08:00,0,39
global.js,17,js,79c8e5b5,etflores1,2025-01-25,04:28:50,-08:00,2025-01-25T04:28:50-08:00,0,26
global.js,18,js,99f29357,etflores1,2025-01-25,05:04:46,-08:00,2025-01-25T05:04:46-08:00,0,0
global.js,19,js,02a0f37d,etflores1,2025-01-25,05:48:36,-08:00,2025-01-25T05:48:36-08:00,0,90
global.js,20,js,02a0f37d,etflores1,2025-01-25,05:48:36,-08:00,2025-01-25T05:48:36-08:00,0,0
global.js,21,js,02a0f37d,etflores1,2025-01-25,05:48:36,-08:00,2025-01-25T05:48:36-08:00,0,71
global.js,22,js,02a0f37d,etflores1,2025-01-25,05:48:36,-08:00,2025-01-25T05:48:36-08:00,0,0
global.js,23,js,0a56ad6a,etflores1,2025-01-25,05:18:08,-08:00,2025-01-25T05:18:08-08:00,0,21
global.js,24,js,0a56ad6a,etflores1,2025-01-25,05:18:08,-08:00,2025-01-25T05:18:08-08:00,0,15
global.js,25,js,0a56ad6a,etflores1,2025-01-25,05:18:08,-08:00,2025-01-25T05:18:08-08:00,0,19
global.js,26,js,99f29357,etflores1,2025-01-25,05:04:46,-08:00,2025-01-25T05:04:46-08:00,0,0
global.js,27,js,02a0f37d,etflores1,2025-01-25,05:48:36,-08:00,2025-01-25T05:48:36-08:00,0,53
global.js,28,js,99f29357,etflores1,2025-01-25,05:04:46,-08:00,2025-01-25T05:04:46-08:00,0,0
global.js,29,js,0a56ad6a,etflores1,2025-01-25,05:18:08,-08:00,2025-01-25T05:18:08-08:00,0,35
global.js,30,js,0a56ad6a,etflores1,2025-01-25,05:18:08,-08:00,2025-01-25T05:18:08-08:00,0,12
global.js,31,js,0a56ad6a,etflores1,2025-01-25,05:18:08,-08:00,2025-01-25T05:18:08-08:00,0,21
global.js,32,js,0a56ad6a,etflores1,2025-01-25,05:18:08,-08:00,2025-01-25T05:18:08-08:00,0,13
global.js,33,js,99f29357,etflores1,2025-01-25,05:04:46,-08:00,2025-01-25T05:04:46-08:00,0,0
global.js,34,js,0a56ad6a,etflores1,2025-01-25,05:18:08,-08:00,2025-01-25T05:18:08-08:00,0,18
global.js,35,js,0a56ad6a,etflores1,2025-01-25,05:18:08,-08:00,2025-01-25T05:18:08-08:00,0,9
global.js,36,js,0a56ad6a,etflores1,2025-01-25,05:18:08,-08:00,2025-01-25T05:18:08-08:00,0,59
global.js,37,js,0a56ad6a,etflores1,2025-01-25,05:18:08,-08:00,2025-01-25T05:18:08-08:00,0,1
global.js,38,js,0a56ad6a,etflores1,2025-01-25,05:18:08,-08:00,2025-01-25T05:18:08-08:00,0,0
global.js,39,js,ed582c76,etflores1,2025-01-25,05:45:49,-08:00,2025-01-25T05:45:49-08:00,0,30
global.js,40,js,ed582c76,etflores1,2025-01-25,05:45:49,-08:00,2025-01-25T05:45:49-08:00,0,19
global.js,41,js,0a56ad6a,etflores1,2025-01-25,05:18:08,-08:00,2025-01-25T05:18:08-08:00,0,0
global.js,42,js,79c8e5b5,etflores1,2025-01-25,04:28:50,-08:00,2025-01-25T04:28:50-08:00,0,0
global.js,43,js,79c8e5b5,etflores1,2025-01-25,04:28:50,-08:00,2025-01-25T04:28:50-08:00,0,0
global.js,44,js,79c8e5b5,etflores1,2025-01-25,04:28:50,-08:00,2025-01-25T04:28:50-08:00,0,32
global.js,45,js,08cc1933,etflores1,2025-01-25,04:47:01,-08:00,2025-01-25T04:47:01-08:00,0,12
global.js,46,js,08cc1933,etflores1,2025-01-25,04:47:01,-08:00,2025-01-25T04:47:01-08:00,0,0
global.js,47,js,08cc1933,etflores1,2025-01-25,04:47:01,-08:00,2025-01-25T04:47:01-08:00,0,27
global.js,48,js,08cc1933,etflores1,2025-01-25,04:47:01,-08:00,2025-01-25T04:47:01-08:00,0,5
global.js,49,js,08cc1933,etflores1,2025-01-25,04:47:01,-08:00,2025-01-25T04:47:01-08:00,0,25
global.js,50,js,08cc1933,etflores1,2025-01-25,04:47:01,-08:00,2025-01-25T04:47:01-08:00,0,44
global.js,51,js,08cc1933,etflores1,2025-01-25,04:47:01,-08:00,2025-01-25T04:47:01-08:00,0,35
global.js,52,js,08cc1933,etflores1,2025-01-25,04:47:01,-08:00,2025-01-25T04:47:01-08:00,0,33
global.js,53,js,08cc1933,etflores1,2025-01-25,04:47:01,-08:00,2025-01-25T04:47:01-08:00,0,8
global.js,54,js,08cc1933,etflores1,2025-01-25,04:47:01,-08:00,2025-01-25T04:47:01-08:00,0,8
global.js,55,js,79c8e5b5,etflores1,2025-01-25,04:28:50,-08:00,2025-01-25T04:28:50-08:00,0,1
global.js,56,js,79c8e5b5,etflores1,2025-01-25,04:28:50,-08:00,2025-01-25T04:28:50-08:00,0,0
global.js,57,js,79c8e5b5,etflores1,2025-01-25,04:28:50,-08:00,2025-01-25T04:28:50-08:00,0,52
global.js,58,js,79c8e5b5,etflores1,2025-01-25,04:28:50,-08:00,2025-01-25T04:28:50-08:00,0,0
global.js,59,js,79c8e5b5,etflores1,2025-01-25,04:28:50,-08:00,2025-01-25T04:28:50-08:00,0,60
global.js,60,js,79c8e5b5,etflores1,2025-01-25,04:28:50,-08:00,2025-01-25T04:28:50-08:00,0,71
global.js,61,js,79c8e5b5,etflores1,2025-01-25,04:28:50,-08:00,2025-01-25T04:28:50-08:00,0,26
global.js,62,js,79c8e5b5,etflores1,2025-01-25,04:28:50,-08:00,2025-01-25T04:28:50-08:00,0,0
global.js,63,js,79c8e5b5,etflores1,2025-01-25,04:28:50,-08:00,2025-01-25T04:28:50-08:00,0,50
global.js,64,js,79c8e5b5,etflores1,2025-01-25,04:28:50,-08:00,2025-01-25T04:28:50-08:00,0,58
global.js,65,js,79c8e5b5,etflores1,2025-01-25,04:28:50,-08:00,2025-01-25T04:28:50-08:00,0,78
global.js,66,js,79c8e5b5,etflores1,2025-01-25,04:28:50,-08:00,2025-01-25T04:28:50-08:00,0,45
global.js,67,js,9b375f62,etflores1,2025-01-25,05:40:09,-08:00,2025-01-25T05:40:09-08:00,0,2
global.js,68,js,b17ad143,etflores1,2025-01-31,23:13:32,-08:00,2025-01-31T23:13:32-08:00,0,0
global.js,69,js,b17ad143,etflores1,2025-01-31,23:13:32,-08:00,2025-01-31T23:13:32-08:00,0,0
global.js,70,js,b17ad143,etflores1,2025-01-31,23:13:32,-08:00,2025-01-31T23:13:32-08:00,0,37
global.js,71,js,b17ad143,etflores1,2025-01-31,23:13:32,-08:00,2025-01-31T23:13:32-08:00,0,4
global.js,72,js,b17ad143,etflores1,2025-01-31,23:13:32,-08:00,2025-01-31T23:13:32-08:00,0,33
global.js,73,js,b17ad143,etflores1,2025-01-31,23:13:32,-08:00,2025-01-31T23:13:32-08:00,0,0
global.js,74,js,b17ad143,etflores1,2025-01-31,23:13:32,-08:00,2025-01-31T23:13:32-08:00,0,18
global.js,75,js,b17ad143,etflores1,2025-01-31,23:13:32,-08:00,2025-01-31T23:13:32-08:00,0,67
global.js,76,js,b17ad143,etflores1,2025-01-31,23:13:32,-08:00,2025-01-31T23:13:32-08:00,0,0
global.js,77,js,b17ad143,etflores1,2025-01-31,23:13:32,-08:00,2025-01-31T23:13:32-08:00,0,0
global.js,78,js,b17ad143,etflores1,2025-01-31,23:13:32,-08:00,2025-01-31T23:13:32-08:00,0,21
global.js,79,js,b17ad143,etflores1,2025-01-31,23:13:32,-08:00,2025-01-31T23:13:32-08:00,0,0
global.js,80,js,b17ad143,etflores1,2025-01-31,23:13:32,-08:00,2025-01-31T23:13:32-08:00,0,34
global.js,81,js,b17ad143,etflores1,2025-01-31,23:13:32,-08:00,2025-01-31T23:13:32-08:00,0,11
global.js,82,js,b17ad143,etflores1,2025-01-31,23:13:32,-08:00,2025-01-31T23:13:32-08:00,0,0
global.js,83,js,b17ad143,etflores1,2025-01-31,23:13:32,-08:00,2025-01-31T23:13:32-08:00,0,16
global.js,84,js,b17ad143,etflores1,2025-01-31,23:13:32,-08:00,2025-01-31T23:13:32-08:00,0,60
global.js,85,js,b17ad143,etflores1,2025-01-31,23:13:32,-08:00,2025-01-31T23:13:32-08:00,0,0
global.js,86,js,b17ad143,etflores1,2025-01-31,23:13:32,-08:00,2025-01-31T23:13:32-08:00,0,0
global.js,87,js,b17ad143,etflores1,2025-01-31,23:13:32,-08:00,2025-01-31T23:13:32-08:00,0,0
global.js,88,js,b17ad143,etflores1,2025-01-31,23:13:32,-08:00,2025-01-31T23:13:32-08:00,0,80
global.js,89,js,b17ad143,etflores1,2025-01-31,23:13:32,-08:00,2025-01-31T23:13:32-08:00,0,69
global.js,90,js,b17ad143,etflores1,2025-01-31,23:13:32,-08:00,2025-01-31T23:13:32-08:00,0,43
global.js,91,js,b17ad143,etflores1,2025-01-31,23:13:32,-08:00,2025-01-31T23:13:32-08:00,0,6
global.js,92,js,b17ad143,etflores1,2025-01-31,23:13:32,-08:00,2025-01-31T23:13:32-08:00,0,0
global.js,93,js,b17ad143,etflores1,2025-01-31,23:13:32,-08:00,2025-01-31T23:13:32-08:00,0,0
global.js,94,js,b17ad143,etflores1,2025-01-31,23:13:32,-08:00,2025-01-31T23:13:32-08:00,0,31
global.js,95,js,b17ad143,etflores1,2025-01-31,23:13:32,-08:00,2025-01-31T23:13:32-08:00,0,0
global.js,96,js,b17ad143,etflores1,2025-01-31,23:13:32,-08:00,2025-01-31T23:13:32-08:00,0,30
global.js,97,js,b17ad143,etflores1,2025-01-31,23:13:32,-08:00,2025-01-31T23:13:32-08:00,0,49
global.js,98,js,b17ad143,etflores1,2025-01-31,23:13:32,-08:00,2025-01-31T23:13:32-08:00,0,0
global.js,99,js,f0bd287f,etflores1,2025-02-08,14:59:07,-08:00,2025-02-08T14:59:07-08:00,0,48
global.js,100,js,f0bd287f,etflores1,2025-02-08,14:59:07,-08:00,2025-02-08T14:59:07-08:00,0,33
global.js,101,js,f0bd287f,etflores1,2025-02-08,14:59:07,-08:00,2025-02-08T14:59:07-08:00,0,41
global.js,102,js,f0bd287f,etflores1,2025-02-08,14:59:07,-08:00,2025-02-08T14:59:07-08:00,0,29
global.js,103,js,f0bd287f,etflores1,2025-02-08,14:59:07,-08:00,2025-02-08T14:59:07-08:00,0,0
global.js,104,js,b17ad143,etflores1,2025-01-31,23:13:32,-08:00,2025-01-31T23:13:32-08:00,0,20
global.js,105,js,b17ad143,etflores1,2025-01-31,23:13:32,-08:00,2025-01-31T23:13:32-08:00,0,72
global.js,106,js,b17ad143,etflores1,2025-01-31,23:13:32,-08:00,2025-01-31T23:13:32-08:00,0,75
global.js,107,js,b17ad143,etflores1,2025-01-31,23:13:32,-08:00,2025-01-31T23:13:32-08:00,0,1
global.js,108,js,b17ad143,etflores1,2025-01-31,23:13:32,-08:00,2025-01-31T23:13:32-08:00,0,0
global.js,109,js,f0bd287f,etflores1,2025-02-08,14:59:07,-08:00,2025-02-08T14:59:07-08:00,0,54
global.js,110,js,f0bd287f,etflores1,2025-02-08,14:59:07,-08:00,2025-02-08T14:59:07-08:00,0,81
global.js,111,js,f0bd287f,etflores1,2025-02-08,14:59:07,-08:00,2025-02-08T14:59:07-08:00,0,42
global.js,112,js,f0bd287f,etflores1,2025-02-08,14:59:07,-08:00,2025-02-08T14:59:07-08:00,0,0
global.js,113,js,f0bd287f,etflores1,2025-02-08,14:59:07,-08:00,2025-02-08T14:59:07-08:00,0,47
global.js,114,js,f0bd287f,etflores1,2025-02-08,14:59:07,-08:00,2025-02-08T14:59:07-08:00,0,73
global.js,115,js,f0bd287f,etflores1,2025-02-08,14:59:07,-08:00,2025-02-08T14:59:07-08:00,0,38
global.js,116,js,f0bd287f,etflores1,2025-02-08,14:59:07,-08:00,2025-02-08T14:59:07-08:00,0,35
global.js,117,js,f0bd287f,etflores1,2025-02-08,14:59:07,-08:00,2025-02-08T14:59:07-08:00,0,0
global.js,118,js,f0bd287f,etflores1,2025-02-08,14:59:07,-08:00,2025-02-08T14:59:07-08:00,0,31
global.js,119,js,b17ad143,etflores1,2025-01-31,23:13:32,-08:00,2025-01-31T23:13:32-08:00,0,37
global.js,120,js,b17ad143,etflores1,2025-01-31,23:13:32,-08:00,2025-01-31T23:13:32-08:00,0,0
global.js,121,js,b17ad143,etflores1,2025-01-31,23:13:32,-08:00,2025-01-31T23:13:32-08:00,0,0
global.js,122,js,b17ad143,etflores1,2025-01-31,23:13:32,-08:00,2025-01-31T23:13:32-08:00,0,0
global.js,123,js,f0bd287f,etflores1,2025-02-08,14:59:07,-08:00,2025-02-08T14:59:07-08:00,0,0
global.js,124,js,b17ad143,etflores1,2025-01-31,23:13:32,-08:00,2025-01-31T23:13:32-08:00,0,48
global.js,125,js,b17ad143,etflores1,2025-01-31,23:13:32,-08:00,2025-01-31T23:13:32-08:00,0,60
global.js,126,js,b17ad143,etflores1,2025-01-31,23:13:32,-08:00,2025-01-31T23:13:32-08:00,0,0
global.js,127,js,b17ad143,etflores1,2025-01-31,23:13:32,-08:00,2025-01-31T23:13:32-08:00,0,0
global.js,128,js,b17ad143,etflores1,2025-01-31,23:13:32,-08:00,2025-01-31T23:13:32-08:00,0,0
global.js,129,js,b17ad143,etflores1,2025-01-31,23:13:32,-08:00,2025-01-31T23:13:32-08:00,0,0
global.js,130,js,b17ad143,etflores1,2025-01-31,23:13:32,-08:00,2025-01-31T23:13:32-08:00,0,0
resume/index.html,1,html,5cd02422,etflores1,2025-01-10,18:47:48,-08:00,2025-01-10T18:47:48-08:00,0,14
resume/index.html,2,html,5cd02422,etflores1,2025-01-10,18:47:48,-08:00,2025-01-10T18:47:48-08:00,0,15
resume/index.html,3,html,5cd02422,etflores1,2025-01-10,18:47:48,-08:00,2025-01-10T18:47:48-08:00,0,5
resume/index.html,4,html,5cd02422,etflores1,2025-01-10,18:47:48,-08:00,2025-01-10T18:47:48-08:00,0,21
resume/index.html,5,html,5cd02422,etflores1,2025-01-10,18:47:48,-08:00,2025-01-10T18:47:48-08:00,0,69
resume/index.html,6,html,f27084f9,etflores1,2025-01-10,19:02:21,-08:00,2025-01-10T19:02:21-08:00,0,24
resume/index.html,7,html,5381e379,etflores1,2025-01-16,19:15:34,-08:00,2025-01-16T19:15:34-08:00,0,46
resume/index.html,8,html,5cd02422,etflores1,2025-01-10,18:47:48,-08:00,2025-01-10T18:47:48-08:00,0,6
resume/index.html,9,html,5381e379,etflores1,2025-01-16,19:15:34,-08:00,2025-01-16T19:15:34-08:00,0,20
resume/index.html,10,html,79c8e5b5,etflores1,2025-01-25,04:28:50,-08:00,2025-01-25T04:28:50-08:00,0,9
resume/index.html,11,html,5cd02422,etflores1,2025-01-10,18:47:48,-08:00,2025-01-10T18:47:48-08:00,0,3
resume/index.html,12,html,5cd02422,etflores1,2025-01-10,18:47:48,-08:00,2025-01-10T18:47:48-08:00,0,40
resume/index.html,13,html,79c8e5b5,etflores1,2025-01-25,04:28:50,-08:00,2025-01-25T04:28:50-08:00,0,42
resume/index.html,14,html,5cd02422,etflores1,2025-01-10,18:47:48,-08:00,2025-01-10T18:47:48-08:00,0,53
resume/index.html,15,html,5cd02422,etflores1,2025-01-10,18:47:48,-08:00,2025-01-10T18:47:48-08:00,0,51
resume/index.html,16,html,5cd02422,etflores1,2025-01-10,18:47:48,-08:00,2025-01-10T18:47:48-08:00,0,78
resume/index.html,17,html,5cd02422,etflores1,2025-01-10,18:47:48,-08:00,2025-01-10T18:47:48-08:00,0,4
resume/index.html,18,html,79c8e5b5,etflores1,2025-01-25,04:28:50,-08:00,2025-01-25T04:28:50-08:00,0,9
resume/index.html,19,html,252e4d74,etflores1,2025-01-10,18:51:21,-08:00,2025-01-10T18:51:21-08:00,0,14
resume/index.html,20,html,5cd02422,etflores1,2025-01-10,18:47:48,-08:00,2025-01-10T18:47:48-08:00,0,8
resume/index.html,21,html,5cd02422,etflores1,2025-01-10,18:47:48,-08:00,2025-01-10T18:47:48-08:00,0,7
resume/index.html,22,html,5cd02422,etflores1,2025-01-10,18:47:48,-08:00,2025-01-10T18:47:48-08:00,0,17
resume/index.html,23,html,5cd02422,etflores1,2025-01-10,18:47:48,-08:00,2025-01-10T18:47:48-08:00,0,8
resume/index.html,24,html,5cd02422,etflores1,2025-01-10,18:47:48,-08:00,2025-01-10T18:47:48-08:00,0,8
resume/index.html,25,html,5cd02422,etflores1,2025-01-10,18:47:48,-08:00,2025-01-10T18:47:48-08:00,0,42
resume/index.html,26,html,5cd02422,etflores1,2025-01-10,18:47:48,-08:00,2025-01-10T18:47:48-08:00,0,18
resume/index.html,27,html,5cd02422,etflores1,2025-01-10,18:47:48,-08:00,2025-01-10T18:47:48-08:00,0,41
resume/index.html,28,html,5cd02422,etflores1,2025-01-10,18:47:48,-08:00,2025-01-10T18:47:48-08:00,0,38
resume/index.html,29,html,5cd02422,etflores1,2025-01-10,18:47:48,-08:00,2025-01-10T18:47:48-08:00,0,242
resume/index.html,30,html,5cd02422,etflores1,2025-01-10,18:47:48,-08:00,2025-01-10T18:47:48-08:00,0,9
resume/index.html,31,html,5cd02422,etflores1,2025-01-10,18:47:48,-08:00,2025-01-10T18:47:48-08:00,0,9
resume/index.html,32,html,5cd02422,etflores1,2025-01-10,18:47:48,-08:00,2025-01-10T18:47:48-08:00,0,0
resume/index.html,33,html,5cd02422,etflores1,2025-01-10,18:47:48,-08:00,2025-01-10T18:47:48-08:00,0,8
resume/index.html,34,html,5cd02422,etflores1,2025-01-10,18:47:48,-08:00,2025-01-10T18:47:48-08:00,0,7
resume/index.html,35,html,5cd02422,etflores1,2025-01-10,18:47:48,-08:00,2025-01-10T18:47:48-08:00,0,24
resume/index.html,36,html,5cd02422,etflores1,2025-01-10,18:47:48,-08:00,2025-01-10T18:47:48-08:00,0,8
resume/index.html,37,html,5cd02422,etflores1,2025-01-10,18:47:48,-08:00,2025-01-10T18:47:48-08:00,0,3
resume/index.html,38,html,5cd02422,etflores1,2025-01-10,18:47:48,-08:00,2025-01-10T18:47:48-08:00,0,134
resume/index.html,39,html,5cd02422,etflores1,2025-01-10,18:47:48,-08:00,2025-01-10T18:47:48-08:00,0,134
resume/index.html,40,html,5cd02422,etflores1,2025-01-10,18:47:48,-08:00,2025-01-10T18:47:48-08:00,0,4
resume/index.html,41,html,5cd02422,etflores1,2025-01-10,18:47:48,-08:00,2025-01-10T18:47:48-08:00,0,9
resume/index.html,42,html,5cd02422,etflores1,2025-01-10,18:47:48,-08:00,2025-01-10T18:47:48-08:00,0,0
resume/index.html,43,html,5cd02422,etflores1,2025-01-10,18:47:48,-08:00,2025-01-10T18:47:48-08:00,0,8
resume/index.html,44,html,5cd02422,etflores1,2025-01-10,18:47:48,-08:00,2025-01-10T18:47:48-08:00,0,7
resume/index.html,45,html,5cd02422,etflores1,2025-01-10,18:47:48,-08:00,2025-01-10T18:47:48-08:00,0,18
resume/index.html,46,html,5cd02422,etflores1,2025-01-10,18:47:48,-08:00,2025-01-10T18:47:48-08:00,0,8
resume/index.html,47,html,5cd02422,etflores1,2025-01-10,18:47:48,-08:00,2025-01-10T18:47:48-08:00,0,8
resume/index.html,48,html,5cd02422,etflores1,2025-01-10,18:47:48,-08:00,2025-01-10T18:47:48-08:00,0,32
resume/index.html,49,html,5cd02422,etflores1,2025-01-10,18:47:48,-08:00,2025-01-10T18:47:48-08:00,0,32
resume/index.html,50,html,5cd02422,etflores1,2025-01-10,18:47:48,-08:00,2025-01-10T18:47:48-08:00,0,18
resume/index.html,51,html,5cd02422,etflores1,2025-01-10,18:47:48,-08:00,2025-01-10T18:47:48-08:00,0,41
resume/index.html,52,html,5cd02422,etflores1,2025-01-10,18:47:48,-08:00,2025-01-10T18:47:48-08:00,0,3
resume/index.html,53,html,5cd02422,etflores1,2025-01-10,18:47:48,-08:00,2025-01-10T18:47:48-08:00,0,259
resume/index.html,54,html,5cd02422,etflores1,2025-01-10,18:47:48,-08:00,2025-01-10T18:47:48-08:00,0,220
resume/index.html,55,html,5cd02422,etflores1,2025-01-10,18:47:48,-08:00,2025-01-10T18:47:48-08:00,0,265
resume/index.html,56,html,5cd02422,etflores1,2025-01-10,18:47:48,-08:00,2025-01-10T18:47:48-08:00,0,4
resume/index.html,57,html,5cd02422,etflores1,2025-01-10,18:47:48,-08:00,2025-01-10T18:47:48-08:00,0,9
resume/index.html,58,html,5cd02422,etflores1,2025-01-10,18:47:48,-08:00,2025-01-10T18:47:48-08:00,0,0
resume/index.html,59,html,5cd02422,etflores1,2025-01-10,18:47:48,-08:00,2025-01-10T18:47:48-08:00,0,8
resume/index.html,60,html,5cd02422,etflores1,2025-01-10,18:47:48,-08:00,2025-01-10T18:47:48-08:00,0,33
resume/index.html,61,html,5cd02422,etflores1,2025-01-10,18:47:48,-08:00,2025-01-10T18:47:48-08:00,0,44
resume/index.html,62,html,5cd02422,etflores1,2025-01-10,18:47:48,-08:00,2025-01-10T18:47:48-08:00,0,17
resume/index.html,63,html,5cd02422,etflores1,2025-01-10,18:47:48,-08:00,2025-01-10T18:47:48-08:00,0,34
resume/index.html,64,html,5cd02422,etflores1,2025-01-10,18:47:48,-08:00,2025-01-10T18:47:48-08:00,0,3
resume/index.html,65,html,5cd02422,etflores1,2025-01-10,18:47:48,-08:00,2025-01-10T18:47:48-08:00,0,239
resume/index.html,66,html,5cd02422,etflores1,2025-01-10,18:47:48,-08:00,2025-01-10T18:47:48-08:00,0,207
resume/index.html,67,html,5cd02422,etflores1,2025-01-10,18:47:48,-08:00,2025-01-10T18:47:48-08:00,0,190
resume/index.html,68,html,5cd02422,etflores1,2025-01-10,18:47:48,-08:00,2025-01-10T18:47:48-08:00,0,4
resume/index.html,69,html,5cd02422,etflores1,2025-01-10,18:47:48,-08:00,2025-01-10T18:47:48-08:00,0,9
resume/index.html,70,html,5cd02422,etflores1,2025-01-10,18:47:48,-08:00,2025-01-10T18:47:48-08:00,0,9
resume/index.html,71,html,5cd02422,etflores1,2025-01-10,18:47:48,-08:00,2025-01-10T18:47:48-08:00,0,0
resume/index.html,72,html,5cd02422,etflores1,2025-01-10,18:47:48,-08:00,2025-01-10T18:47:48-08:00,0,8
resume/index.html,73,html,5cd02422,etflores1,2025-01-10,18:47:48,-08:00,2025-01-10T18:47:48-08:00,0,7
resume/index.html,74,html,5cd02422,etflores1,2025-01-10,18:47:48,-08:00,2025-01-10T18:47:48-08:00,0,16
resume/index.html,75,html,5cd02422,etflores1,2025-01-10,18:47:48,-08:00,2025-01-10T18:47:48-08:00,0,8
resume/index.html,76,html,5cd02422,etflores1,2025-01-10,18:47:48,-08:00,2025-01-10T18:47:48-08:00,0,8
resume/index.html,77,html,9f95a0f5,etflores1,2025-01-10,18:56:17,-08:00,2025-01-10T18:56:17-08:00,0,121
resume/index.html,78,html,5cd02422,etflores1,2025-01-10,18:47:48,-08:00,2025-01-10T18:47:48-08:00,0,36
resume/index.html,79,html,5cd02422,etflores1,2025-01-10,18:47:48,-08:00,2025-01-10T18:47:48-08:00,0,40
resume/index.html,80,html,5cd02422,etflores1,2025-01-10,18:47:48,-08:00,2025-01-10T18:47:48-08:00,0,3
resume/index.html,81,html,5cd02422,etflores1,2025-01-10,18:47:48,-08:00,2025-01-10T18:47:48-08:00,0,237
resume/index.html,82,html,5cd02422,etflores1,2025-01-10,18:47:48,-08:00,2025-01-10T18:47:48-08:00,0,221
resume/index.html,83,html,5cd02422,etflores1,2025-01-10,18:47:48,-08:00,2025-01-10T18:47:48-08:00,0,4
resume/index.html,84,html,5cd02422,etflores1,2025-01-10,18:47:48,-08:00,2025-01-10T18:47:48-08:00,0,9
resume/index.html,85,html,5cd02422,etflores1,2025-01-10,18:47:48,-08:00,2025-01-10T18:47:48-08:00,0,0
resume/index.html,86,html,5cd02422,etflores1,2025-01-10,18:47:48,-08:00,2025-01-10T18:47:48-08:00,0,8
resume/index.html,87,html,9f95a0f5,etflores1,2025-01-10,18:56:17,-08:00,2025-01-10T18:56:17-08:00,0,98
resume/index.html,88,html,5cd02422,etflores1,2025-01-10,18:47:48,-08:00,2025-01-10T18:47:48-08:00,0,53
resume/index.html,89,html,5cd02422,etflores1,2025-01-10,18:47:48,-08:00,2025-01-10T18:47:48-08:00,0,36
resume/index.html,90,html,5cd02422,etflores1,2025-01-10,18:47:48,-08:00,2025-01-10T18:47:48-08:00,0,3
resume/index.html,91,html,5cd02422,etflores1,2025-01-10,18:47:48,-08:00,2025-01-10T18:47:48-08:00,0,212
resume/index.html,92,html,5cd02422,etflores1,2025-01-10,18:47:48,-08:00,2025-01-10T18:47:48-08:00,0,112
resume/index.html,93,html,5cd02422,etflores1,2025-01-10,18:47:48,-08:00,2025-01-10T18:47:48-08:00,0,4
resume/index.html,94,html,5cd02422,etflores1,2025-01-10,18:47:48,-08:00,2025-01-10T18:47:48-08:00,0,9
resume/index.html,95,html,5cd02422,etflores1,2025-01-10,18:47:48,-08:00,2025-01-10T18:47:48-08:00,0,0
resume/index.html,96,html,5cd02422,etflores1,2025-01-10,18:47:48,-08:00,2025-01-10T18:47:48-08:00,0,8
resume/index.html,97,html,9f95a0f5,etflores1,2025-01-10,18:56:17,-08:00,2025-01-10T18:56:17-08:00,0,125
resume/index.html,98,html,5cd02422,etflores1,2025-01-10,18:47:48,-08:00,2025-01-10T18:47:48-08:00,0,28
resume/index.html,99,html,5cd02422,etflores1,2025-01-10,18:47:48,-08:00,2025-01-10T18:47:48-08:00,0,41
resume/index.html,100,html,5cd02422,etflores1,2025-01-10,18:47:48,-08:00,2025-01-10T18:47:48-08:00,0,3
resume/index.html,101,html,5cd02422,etflores1,2025-01-10,18:47:48,-08:00,2025-01-10T18:47:48-08:00,0,108
resume/index.html,102,html,5cd02422,etflores1,2025-01-10,18:47:48,-08:00,2025-01-10T18:47:48-08:00,0,223
resume/index.html,103,html,5cd02422,etflores1,2025-01-10,18:47:48,-08:00,2025-01-10T18:47:48-08:00,0,4
resume/index.html,104,html,5cd02422,etflores1,2025-01-10,18:47:48,-08:00,2025-01-10T18:47:48-08:00,0,9
resume/index.html,105,html,5cd02422,etflores1,2025-01-10,18:47:48,-08:00,2025-01-10T18:47:48-08:00,0,9
resume/index.html,106,html,395fa2f6,etflores1,2025-01-25,05:26:47,-08:00,2025-01-25T05:26:47-08:00,0,49
resume/index.html,107,html,5cd02422,etflores1,2025-01-10,18:47:48,-08:00,2025-01-10T18:47:48-08:00,0,6
resume/index.html,108,html,c98277b1,etflores1,2025-01-25,04:49:52,-08:00,2025-01-25T04:49:52-08:00,0,6
projects/projects.js,1,js,b17ad143,etflores1,2025-01-31,23:13:32,-08:00,2025-01-31T23:13:32-08:00,0,56
projects/projects.js,2,js,f0bd287f,etflores1,2025-02-08,14:59:07,-08:00,2025-02-08T14:59:07-08:00,0,64
projects/projects.js,3,js,b17ad143,etflores1,2025-01-31,23:13:32,-08:00,2025-01-31T23:13:32-08:00,0,0
projects/projects.js,4,js,b17ad143,etflores1,2025-01-31,23:13:32,-08:00,2025-01-31T23:13:32-08:00,0,30
projects/projects.js,5,js,b17ad143,etflores1,2025-01-31,23:13:32,-08:00,2025-01-31T23:13:32-08:00,0,4
projects/projects.js,6,js,b17ad143,etflores1,2025-01-31,23:13:32,-08:00,2025-01-31T23:13:32-08:00,0,56
projects/projects.js,7,js,b17ad143,etflores1,2025-01-31,23:13:32,-08:00,2025-01-31T23:13:32-08:00,0,61
projects/projects.js,8,js,b17ad143,etflores1,2025-01-31,23:13:32,-08:00,2025-01-31T23:13:32-08:00,0,63
projects/projects.js,9,js,b17ad143,etflores1,2025-01-31,23:13:32,-08:00,2025-01-31T23:13:32-08:00,0,0
projects/projects.js,10,js,b17ad143,etflores1,2025-01-31,23:13:32,-08:00,2025-01-31T23:13:32-08:00,0,19
projects/projects.js,11,js,f0bd287f,etflores1,2025-02-08,14:59:07,-08:00,2025-02-08T14:59:07-08:00,0,55
projects/projects.js,12,js,b17ad143,etflores1,2025-01-31,23:13:32,-08:00,2025-01-31T23:13:32-08:00,0,0
projects/projects.js,13,js,f0bd287f,etflores1,2025-02-08,14:59:07,-08:00,2025-02-08T14:59:07-08:00,0,0
projects/projects.js,14,js,b17ad143,etflores1,2025-01-31,23:13:32,-08:00,2025-01-31T23:13:32-08:00,0,49
projects/projects.js,15,js,b17ad143,etflores1,2025-01-31,23:13:32,-08:00,2025-01-31T23:13:32-08:00,0,16
projects/projects.js,16,js,b17ad143,etflores1,2025-01-31,23:13:32,-08:00,2025-01-31T23:13:32-08:00,0,47
projects/projects.js,17,js,b17ad143,etflores1,2025-01-31,23:13:32,-08:00,2025-01-31T23:13:32-08:00,0,0
projects/projects.js,18,js,b17ad143,etflores1,2025-01-31,23:13:32,-08:00,2025-01-31T23:13:32-08:00,0,0
projects/projects.js,19,js,b17ad143,etflores1,2025-01-31,23:13:32,-08:00,2025-01-31T23:13:32-08:00,0,0
projects/projects.js,20,js,b17ad143,etflores1,2025-01-31,23:13:32,-08:00,2025-01-31T23:13:32-08:00,0,14
projects/projects.js,21,js,f0bd287f,etflores1,2025-02-08,14:59:07,-08:00,2025-02-08T14:59:07-08:00,0,0
projects/projects.js,22,js,f0bd287f,etflores1,2025-02-08,14:59:07,-08:00,2025-02-08T14:59:07-08:00,0,10
projects/projects.js,23,js,f0bd287f,etflores1,2025-02-08,14:59:07,-08:00,2025-02-08T14:59:07-08:00,0,5
projects/projects.js,24,js,f0bd287f,etflores1,2025-02-08,14:59:07,-08:00,2025-02-08T14:59:07-08:00,0,58
projects/projects.js,25,js,f0bd287f,etflores1,2025-02-08,14:59:07,-08:00,2025-02-08T14:59:07-08:00,0,23
projects/projects.js,26,js,f0bd287f,etflores1,2025-02-08,14:59:07,-08:00,2025-02-08T14:59:07-08:00,0,13
projects/projects.js,27,js,f0bd287f,etflores1,2025-02-08,14:59:07,-08:00,2025-02-08T14:59:07-08:00,0,21
projects/projects.js,28,js,f0bd287f,etflores1,2025-02-08,14:59:07,-08:00,2025-02-08T14:59:07-08:00,0,2
projects/projects.js,29,js,f0bd287f,etflores1,2025-02-08,14:59:07,-08:00,2025-02-08T14:59:07-08:00,0,66
projects/projects.js,30,js,f0bd287f,etflores1,2025-02-08,14:59:07,-08:00,2025-02-08T14:59:07-08:00,0,0
projects/projects.js,31,js,f0bd287f,etflores1,2025-02-08,14:59:07,-08:00,2025-02-08T14:59:07-08:00,0,5
projects/projects.js,32,js,f0bd287f,etflores1,2025-02-08,14:59:07,-08:00,2025-02-08T14:59:07-08:00,0,32
projects/projects.js,33,js,f0bd287f,etflores1,2025-02-08,14:59:07,-08:00,2025-02-08T14:59:07-08:00,0,16
projects/projects.js,34,js,f0bd287f,etflores1,2025-02-08,14:59:07,-08:00,2025-02-08T14:59:07-08:00,0,0
projects/projects.js,35,js,f0bd287f,etflores1,2025-02-08,14:59:07,-08:00,2025-02-08T14:59:07-08:00,0,23
projects/projects.js,36,js,f0bd287f,etflores1,2025-02-08,14:59:07,-08:00,2025-02-08T14:59:07-08:00,0,15
projects/projects.js,37,js,f0bd287f,etflores1,2025-02-08,14:59:07,-08:00,2025-02-08T14:59:07-08:00,0,3
projects/projects.js,38,js,f0bd287f,etflores1,2025-02-08,14:59:07,-08:00,2025-02-08T14:59:07-08:00,0,16
projects/projects.js,39,js,f0bd287f,etflores1,2025-02-08,14:59:07,-08:00,2025-02-08T14:59:07-08:00,0,19
projects/projects.js,40,js,f0bd287f,etflores1,2025-02-08,14:59:07,-08:00,2025-02-08T14:59:07-08:00,0,0
projects/projects.js,41,js,f0bd287f,etflores1,2025-02-08,14:59:07,-08:00,2025-02-08T14:59:07-08:00,0,23
projects/projects.js,42,js,f0bd287f,etflores1,2025-02-08,14:59:07,-08:00,2025-02-08T14:59:07-08:00,0,53
projects/projects.js,43,js,f0bd287f,etflores1,2025-02-08,14:59:07,-08:00,2025-02-08T14:59:07-08:00,0,50
projects/projects.js,44,js,f0bd287f,etflores1,2025-02-08,14:59:07,-08:00,2025-02-08T14:59:07-08:00,0,21
projects/projects.js,45,js,f0bd287f,etflores1,2025-02-08,14:59:07,-08:00,2025-02-08T14:59:07-08:00,0,3
projects/projects.js,46,js,f0bd287f,etflores1,2025-02-08,14:59:07,-08:00,2025-02-08T14:59:07-08:00,0,49
projects/projects.js,47,js,f0bd287f,etflores1,2025-02-08,14:59:07,-08:00,2025-02-08T14:59:07-08:00,0,0
projects/projects.js,48,js,f0bd287f,etflores1,2025-02-08,14:59:07,-08:00,2025-02-08T14:59:07-08:00,0,51
projects/projects.js,49,js,f0bd287f,etflores1,2025-02-08,14:59:07,-08:00,2025-02-08T14:59:07-08:00,0,30
projects/projects.js,50,js,f0bd287f,etflores1,2025-02-08,14:59:07,-08:00,2025-02-08T14:59:07-08:00,0,22
projects/projects.js,51,js,f0bd287f,etflores1,2025-02-08,14:59:07,-08:00,2025-02-08T14:59:07-08:00,0,23
projects/projects.js,52,js,f0bd287f,etflores1,2025-02-08,14:59:07,-08:00,2025-02-08T14:59:07-08:00,0,23
projects/projects.js,53,js,f0bd287f,etflores1,2025-02-08,14:59:07,-08:00,2025-02-08T14:59:07-08:00,0,35
projects/projects.js,54,js,f0bd287f,etflores1,2025-02-08,14:59:07,-08:00,2025-02-08T14:59:07-08:00,0,7
projects/projects.js,55,js,f0bd287f,etflores1,2025-02-08,14:59:07,-08:00,2025-02-08T14:59:07-08:00,0,0
projects/projects.js,56,js,f0bd287f,etflores1,2025-02-08,14:59:07,-08:00,2025-02-08T14:59:07-08:00,0,35
projects/projects.js,57,js,f0bd287f,etflores1,2025-02-08,14:59:07,-08:00,2025-02-08T14:59:07-08:00,0,25
projects/projects.js,58,js,f0bd287f,etflores1,2025-02-08,14:59:07,-08:00,2025-02-08T14:59:07-08:00,0,54
projects/projects.js,59,js,f0bd287f,etflores1,2025-02-08,14:59:07,-08:00,2025-02-08T14:59:07-08:00,0,27
projects/projects.js,60,js,f0bd287f,etflores1,2025-02-08,14:59:07,-08:00,2025-02-08T14:59:07-08:00,0,8
projects/projects.js,61,js,f0bd287f,etflores1,2025-02-08,14:59:07,-08:00,2025-02-08T14:59:07-08:00,0,15
projects/projects.js,62,js,f0bd287f,etflores1,2025-02-08,14:59:07,-08:00,2025-02-08T14:59:07-08:00,0,13
projects/projects.js,63,js,f0bd287f,etflores1,2025-02-08,14:59:07,-08:00,2025-02-08T14:59:07-08:00,0,1
projects/projects.js,64,js,f0bd287f,etflores1,2025-02-08,14:59:07,-08:00,2025-02-08T14:59:07-08:00,0,45
projects/projects.js,65,js,f0bd287f,etflores1,2025-02-08,14:59:07,-08:00,2025-02-08T14:59:07-08:00,0,36
projects/projects.js,66,js,f0bd287f,etflores1,2025-02-08,14:59:07,-08:00,2025-02-08T14:59:07-08:00,0,1
projects/projects.js,67,js,f0bd287f,etflores1,2025-02-08,14:59:07,-08:00,2025-02-08T14:59:07-08:00,0,0
projects/projects.js,68,js,f0bd287f,etflores1,2025-02-08,14:59:07,-08:00,2025-02-08T14:59:07-08:00,0,51
projects/projects.js,69,js,f0bd287f,etflores1,2025-02-08,14:59:07,-08:00,2025-02-08T14:59:07-08:00,0,34
projects/projects.js,70,js,f0bd287f,etflores1,2025-02-08,14:59:07,-08:00,2025-02-08T14:59:07-08:00,0,0
projects/projects.js,71,js,f0bd287f,etflores1,2025-02-08,14:59:07,-08:00,2025-02-08T14:59:07-08:00,0,46
projects/projects.js,72,js,f0bd287f,etflores1,2025-02-08,14:59:07,-08:00,2025-02-08T14:59:07-08:00,0,0
projects/projects.js,73,js,f0bd287f,etflores1,2025-02-08,14:59:07,-08:00,2025-02-08T14:59:07-08:00,0,48
projects/projects.js,74,js,f0bd287f,etflores1,2025-02-08,14:59:07,-08:00,2025-02-08T14:59:07-08:00,0,27
projects/projects.js,75,js,f0bd287f,etflores1,2025-02-08,14:59:07,-08:00,2025-02-08T14:59:07-08:00,0,15
projects/projects.js,76,js,f0bd287f,etflores1,2025-02-08,14:59:07,-08:00,2025-02-08T14:59:07-08:00,0,14
projects/projects.js,77,js,f0bd287f,etflores1,2025-02-08,14:59:07,-08:00,2025-02-08T14:59:07-08:00,0,14
projects/projects.js,78,js,f0bd287f,etflores1,2025-02-08,14:59:07,-08:00,2025-02-08T14:59:07-08:00,0,26
projects/projects.js,79,js,f0bd287f,etflores1,2025-02-08,14:59:07,-08:00,2025-02-08T14:59:07-08:00,0,2
projects/projects.js,80,js,f0bd287f,etflores1,2025-02-08,14:59:07,-08:00,2025-02-08T14:59:07-08:00,0,0
projects/projects.js,81,js,f0bd287f,etflores1,2025-02-08,14:59:07,-08:00,2025-02-08T14:59:07-08:00,0,10
projects/projects.js,82,js,f0bd287f,etflores1,2025-02-08,14:59:07,-08:00,2025-02-08T14:59:07-08:00,0,33
projects/projects.js,83,js,f0bd287f,etflores1,2025-02-08,14:59:07,-08:00,2025-02-08T14:59:07-08:00,0,25
projects/projects.js,84,js,f0bd287f,etflores1,2025-02-08,14:59:07,-08:00,2025-02-08T14:59:07-08:00,0,18
projects/projects.js,85,js,f0bd287f,etflores1,2025-02-08,14:59:07,-08:00,2025-02-08T14:59:07-08:00,0,94
projects/projects.js,86,js,f0bd287f,etflores1,2025-02-08,14:59:07,-08:00,2025-02-08T14:59:07-08:00,0,100
projects/projects.js,87,js,f0bd287f,etflores1,2025-02-08,14:59:07,-08:00,2025-02-08T14:59:07-08:00,0,1
projects/projects.js,88,js,f0bd287f,etflores1,2025-02-08,14:59:07,-08:00,2025-02-08T14:59:07-08:00,0,0
projects/projects.js,89,js,f0bd287f,etflores1,2025-02-08,14:59:07,-08:00,2025-02-08T14:59:07-08:00,0,18
projects/projects.js,90,js,f0bd287f,etflores1,2025-02-08,14:59:07,-08:00,2025-02-08T14:59:07-08:00,0,39
projects/projects.js,91,js,f0bd287f,etflores1,2025-02-08,14:59:07,-08:00,2025-02-08T14:59:07-08:00,0,30
projects/projects.js,92,js,f0bd287f,etflores1,2025-02-08,14:59:07,-08:00,2025-02-08T14:59:07-08:00,0,13
projects/projects.js,93,js,f0bd287f,etflores1,2025-02-08,14:59:07,-08:00,2025-02-08T14:59:07-08:00,0,15
projects/projects.js,94,js,f0bd287f,etflores1,2025-02-08,14:59:07,-08:00,2025-02-08T14:59:07-08:00,0,12
projects/projects.js,95,js,f0bd287f,etflores1,2025-02-08,14:59:07,-08:00,2025-02-08T14:59:07-08:00,0,1
projects/projects.js,96,js,f0bd287f,etflores1,2025-02-08,14:59:07,-08:00,2025-02-08T14:59:07-08:00,0,0
projects/projects.js,97,js,f0bd287f,etflores1,2025-02-08,14:59:07,-08:00,2025-02-08T14:59:07-08:00,0,51
projects/projects.js,98,js,f0bd287f,etflores1,2025-02-08,14:59:07,-08:00,2025-02-08T14:59:07-08:00,0,36
projects/projects.js,99,js,f0bd287f,etflores1,2025-02-08,14:59:07,-08:00,2025-02-08T14:59:07-08:00,0,2
projects/projects.js,100,js,f0bd287f,etflores1,2025-02-08,14:59:07,-08:00,2025-02-08T14:59:07-08:00,0,0
projects/projects.js,101,js,f0bd287f,etflores1,2025-02-08,14:59:07,-08:00,2025-02-08T14:59:07-08:00,0,51
projects/projects.js,102,js,f0bd287f,etflores1,2025-02-08,14:59:07,-08:00,2025-02-08T14:59:07-08:00,0,37
projects/projects.js,103,js,f0bd287f,etflores1,2025-02-08,14:59:07,-08:00,2025-02-08T14:59:07-08:00,0,0
projects/projects.js,104,js,f0bd287f,etflores1,2025-02-08,14:59:07,-08:00,2025-02-08T14:59:07-08:00,0,46
projects/projects.js,105,js,f0bd287f,etflores1,2025-02-08,14:59:07,-08:00,2025-02-08T14:59:07-08:00,0,0
projects/projects.js,106,js,f0bd287f,etflores1,2025-02-08,14:59:07,-08:00,2025-02-08T14:59:07-08:00,0,48
projects/projects.js,107,js,f0bd287f,etflores1,2025-02-08,14:59:07,-08:00,2025-02-08T14:59:07-08:00,0,27
projects/projects.js,108,js,f0bd287f,etflores1,2025-02-08,14:59:07,-08:00,2025-02-08T14:59:07-08:00,0,15
projects/projects.js,109,js,f0bd287f,etflores1,2025-02-08,14:59:07,-08:00,2025-02-08T14:59:07-08:00,0,14
projects/projects.js,110,js,f0bd287f,etflores1,2025-02-08,14:59:07,-08:00,2025-02-08T14:59:07-08:00,0,14
projects/projects.js,111,js,f0bd287f,etflores1,2025-02-08,14:59:07,-08:00,2025-02-08T14:59:07-08:00,0,26
projects/projects.js,112,js,f0bd287f,etflores1,2025-02-08,14:59:07,-08:00,2025-02-08T14:59:07-08:00,0,2
projects/projects.js,113,js,f0bd287f,etflores1,2025-02-08,14:59:07,-08:00,2025-02-08T14:59:07-08:00,0,0
projects/projects.js,114,js,f0bd287f,etflores1,2025-02-08,14:59:07,-08:00,2025-02-08T14:59:07-08:00,0,33
projects/projects.js,115,js,f0bd287f,etflores1,2025-02-08,14:59:07,-08:00,2025-02-08T14:59:07-08:00,0,30
projects/projects.js,116,js,f0bd287f,etflores1,2025-02-08,14:59:07,-08:00,2025-02-08T14:59:07-08:00,0,0
projects/projects.js,117,js,f0bd287f,etflores1,2025-02-08,14:59:07,-08:00,2025-02-08T14:59:07-08:00,0,28
projects/projects.js,118,js,f0bd287f,etflores1,2025-02-08,14:59:07,-08:00,2025-02-08T14:59:07-08:00,0,18
projects/projects.js,119,js,f0bd287f,etflores1,2025-02-08,14:59:07,-08:00,2025-02-08T14:59:07-08:00,0,39
projects/projects.js,120,js,f0bd287f,etflores1,2025-02-08,14:59:07,-08:00,2025-02-08T14:59:07-08:00,0,70
projects/projects.js,121,js,f0bd287f,etflores1,2025-02-08,14:59:07,-08:00,2025-02-08T14:59:07-08:00,0,2
projects/projects.js,122,js,f0bd287f,etflores1,2025-02-08,14:59:07,-08:00,2025-02-08T14:59:07-08:00,0,0
projects/projects.js,123,js,f0bd287f,etflores1,2025-02-08,14:59:07,-08:00,2025-02-08T14:59:07-08:00,0,0
projects/projects.js,124,js,f0bd287f,etflores1,2025-02-08,14:59:07,-08:00,2025-02-08T14:59:07-08:00,0,24
projects/projects.js,125,js,f0bd287f,etflores1,2025-02-08,14:59:07,-08:00,2025-02-08T14:59:07-08:00,0,0
projects/projects.js,126,js,f0bd287f,etflores1,2025-02-08,14:59:07,-08:00,2025-02-08T14:59:07-08:00,0,14
projects/projects.js,127,js,f0bd287f,etflores1,2025-02-08,14:59:07,-08:00,2025-02-08T14:59:07-08:00,0,54
projects/projects.js,128,js,f0bd287f,etflores1,2025-02-08,14:59:07,-08:00,2025-02-08T14:59:07-08:00,0,0
projects/projects.js,129,js,f0bd287f,etflores1,2025-02-08,14:59:07,-08:00,2025-02-08T14:59:07-08:00,0,49
projects/projects.js,130,js,f0bd287f,etflores1,2025-02-08,14:59:07,-08:00,2025-02-08T14:59:07-08:00,0,26
projects/projects.js,131,js,f0bd287f,etflores1,2025-02-08,14:59:07,-08:00,2025-02-08T14:59:07-08:00,0,52
projects/projects.js,132,js,f0bd287f,etflores1,2025-02-08,14:59:07,-08:00,2025-02-08T14:59:07-08:00,0,60
projects/projects.js,133,js,f0bd287f,etflores1,2025-02-08,14:59:07,-08:00,2025-02-08T14:59:07-08:00,0,43
projects/projects.js,134,js,f0bd287f,etflores1,2025-02-08,14:59:07,-08:00,2025-02-08T14:59:07-08:00,0,2
projects/projects.js,135,js,f0bd287f,etflores1,2025-02-08,14:59:07,-08:00,2025-02-08T14:59:07-08:00,0,0
projects/projects.js,136,js,f0bd287f,etflores1,2025-02-08,14:59:07,-08:00,2025-02-08T14:59:07-08:00,0,61
projects/projects.js,137,js,f0bd287f,etflores1,2025-02-08,14:59:07,-08:00,2025-02-08T14:59:07-08:00,0,57
projects/projects.js,138,js,f0bd287f,etflores1,2025-02-08,14:59:07,-08:00,2025-02-08T14:59:07-08:00,0,32
projects/projects.js,139,js,f0bd287f,etflores1,2025-02-08,14:59:07,-08:00,2025-02-08T14:59:07-08:00,0,2
projects/projects.js,140,js,f0bd287f,etflores1,2025-02-08,14:59:07,-08:00,2025-02-08T14:59:07-08:00,0,0
projects/projects.js,141,js,f0bd287f,etflores1,2025-02-08,14:59:07,-08:00,2025-02-08T14:59:07-08:00,0,10
projects/projects.js,142,js,f0bd287f,etflores1,2025-02-08,14:59:07,-08:00,2025-02-08T14:59:07-08:00,0,22
projects/projects.js,143,js,f0bd287f,etflores1,2025-02-08,14:59:07,-08:00,2025-02-08T14:59:07-08:00,0,0
projects/projects.js,144,js,f0bd287f,etflores1,2025-02-08,14:59:07,-08:00,2025-02-08T14:59:07-08:00,0,26
projects/projects.js,145,js,f0bd287f,etflores1,2025-02-08,14:59:07,-08:00,2025-02-08T14:59:07-08:00,0,30
projects/projects.js,146,js,f0bd287f,etflores1,2025-02-08,14:59:07,-08:00,2025-02-08T14:59:07-08:00,0,0
projects/projects.js,147,js,f0bd287f,etflores1,2025-02-08,14:59:07,-08:00,2025-02-08T14:59:07-08:00,0,25
projects/projects.js,148,js,f0bd287f,etflores1,2025-02-08,14:59:07,-08:00,2025-02-08T14:59:07-08:00,0,2
projects/projects.js,149,js,f0bd287f,etflores1,2025-02-08,14:59:07,-08:00,2025-02-08T14:59:07-08:00,0,14
projects/projects.js,150,js,f0bd287f,etflores1,2025-02-08,14:59:07,-08:00,2025-02-08T14:59:07-08:00,0,14
projects/projects.js,151,js,f0bd287f,etflores1,2025-02-08,14:59:07,-08:00,2025-02-08T14:59:07-08:00,0,23
projects/projects.js,152,js,f0bd287f,etflores1,2025-02-08,14:59:07,-08:00,2025-02-08T14:59:07-08:00,0,19
projects/projects.js,153,js,f0bd287f,etflores1,2025-02-08,14:59:07,-08:00,2025-02-08T14:59:07-08:00,0,44
projects/projects.js,154,js,f0bd287f,etflores1,2025-02-08,14:59:07,-08:00,2025-02-08T14:59:07-08:00,0,0
projects/projects.js,155,js,f0bd287f,etflores1,2025-02-08,14:59:07,-08:00,2025-02-08T14:59:07-08:00,0,2
projects/projects.js,156,js,f0bd287f,etflores1,2025-02-08,14:59:07,-08:00,2025-02-08T14:59:07-08:00,0,17
projects/projects.js,157,js,f0bd287f,etflores1,2025-02-08,14:59:07,-08:00,2025-02-08T14:59:07-08:00,0,69
projects/projects.js,158,js,f0bd287f,etflores1,2025-02-08,14:59:07,-08:00,2025-02-08T14:59:07-08:00,0,0
projects/projects.js,159,js,f0bd287f,etflores1,2025-02-08,14:59:07,-08:00,2025-02-08T14:59:07-08:00,0,19
projects/projects.js,160,js,f0bd287f,etflores1,2025-02-08,14:59:07,-08:00,2025-02-08T14:59:07-08:00,0,15
projects/projects.js,161,js,f0bd287f,etflores1,2025-02-08,14:59:07,-08:00,2025-02-08T14:59:07-08:00,0,69
projects/projects.js,162,js,f0bd287f,etflores1,2025-02-08,14:59:07,-08:00,2025-02-08T14:59:07-08:00,0,0
projects/projects.js,163,js,f0bd287f,etflores1,2025-02-08,14:59:07,-08:00,2025-02-08T14:59:07-08:00,0,61
projects/projects.js,164,js,f0bd287f,etflores1,2025-02-08,14:59:07,-08:00,2025-02-08T14:59:07-08:00,0,0
projects/projects.js,165,js,f0bd287f,etflores1,2025-02-08,14:59:07,-08:00,2025-02-08T14:59:07-08:00,0,26
projects/projects.js,166,js,f0bd287f,etflores1,2025-02-08,14:59:07,-08:00,2025-02-08T14:59:07-08:00,0,49
projects/projects.js,167,js,f0bd287f,etflores1,2025-02-08,14:59:07,-08:00,2025-02-08T14:59:07-08:00,0,7
projects/projects.js,168,js,f0bd287f,etflores1,2025-02-08,14:59:07,-08:00,2025-02-08T14:59:07-08:00,0,44
projects/projects.js,169,js,f0bd287f,etflores1,2025-02-08,14:59:07,-08:00,2025-02-08T14:59:07-08:00,0,82
projects/projects.js,170,js,f0bd287f,etflores1,2025-02-08,14:59:07,-08:00,2025-02-08T14:59:07-08:00,0,57
projects/projects.js,171,js,f0bd287f,etflores1,2025-02-08,14:59:07,-08:00,2025-02-08T14:59:07-08:00,0,0
projects/projects.js,172,js,f0bd287f,etflores1,2025-02-08,14:59:07,-08:00,2025-02-08T14:59:07-08:00,0,2
projects/projects.js,173,js,f0bd287f,etflores1,2025-02-08,14:59:07,-08:00,2025-02-08T14:59:07-08:00,0,2
projects/projects.js,174,js,f0bd287f,etflores1,2025-02-08,14:59:07,-08:00,2025-02-08T14:59:07-08:00,0,0
projects/projects.js,175,js,f0bd287f,etflores1,2025-02-08,14:59:07,-08:00,2025-02-08T14:59:07-08:00,0,0
projects/projects.js,176,js,f0bd287f,etflores1,2025-02-08,14:59:07,-08:00,2025-02-08T14:59:07-08:00,0,0
projects/index.html,1,html,47cfaa44,etflores1,2025-01-10,17:51:51,-08:00,2025-01-10T17:51:51-08:00,0,14
projects/index.html,2,html,47cfaa44,etflores1,2025-01-10,17:51:51,-08:00,2025-01-10T17:51:51-08:00,0,15
projects/index.html,3,html,47cfaa44,etflores1,2025-01-10,17:51:51,-08:00,2025-01-10T17:51:51-08:00,0,5
projects/index.html,4,html,47cfaa44,etflores1,2025-01-10,17:51:51,-08:00,2025-01-10T17:51:51-08:00,0,21
projects/index.html,5,html,47cfaa44,etflores1,2025-01-10,17:51:51,-08:00,2025-01-10T17:51:51-08:00,0,69
projects/index.html,6,html,f27084f9,etflores1,2025-01-10,19:02:21,-08:00,2025-01-10T19:02:21-08:00,0,25
projects/index.html,7,html,5381e379,etflores1,2025-01-16,19:15:34,-08:00,2025-01-16T19:15:34-08:00,0,46
projects/index.html,8,html,47cfaa44,etflores1,2025-01-10,17:51:51,-08:00,2025-01-10T17:51:51-08:00,0,6
projects/index.html,9,html,47cfaa44,etflores1,2025-01-10,17:51:51,-08:00,2025-01-10T17:51:51-08:00,0,5
projects/index.html,10,html,b17ad143,etflores1,2025-01-31,23:13:32,-08:00,2025-01-31T23:13:32-08:00,0,39
projects/index.html,11,html,f0bd287f,etflores1,2025-02-08,14:59:07,-08:00,2025-02-08T14:59:07-08:00,0,22
projects/index.html,12,html,f0bd287f,etflores1,2025-02-08,14:59:07,-08:00,2025-02-08T14:59:07-08:00,0,55
projects/index.html,13,html,f0bd287f,etflores1,2025-02-08,14:59:07,-08:00,2025-02-08T14:59:07-08:00,0,23
projects/index.html,14,html,f0bd287f,etflores1,2025-02-08,14:59:07,-08:00,2025-02-08T14:59:07-08:00,0,5
projects/index.html,15,html,f0bd287f,etflores1,2025-02-08,14:59:07,-08:00,2025-02-08T14:59:07-08:00,0,5
projects/index.html,16,html,f0bd287f,etflores1,2025-02-08,14:59:07,-08:00,2025-02-08T14:59:07-08:00,0,16
projects/index.html,17,html,f0bd287f,etflores1,2025-02-08,14:59:07,-08:00,2025-02-08T14:59:07-08:00,0,12
projects/index.html,18,html,f0bd287f,etflores1,2025-02-08,14:59:07,-08:00,2025-02-08T14:59:07-08:00,0,27
projects/index.html,19,html,f0bd287f,etflores1,2025-02-08,14:59:07,-08:00,2025-02-08T14:59:07-08:00,0,32
projects/index.html,20,html,f0bd287f,etflores1,2025-02-08,14:59:07,-08:00,2025-02-08T14:59:07-08:00,0,1
projects/index.html,21,html,f0bd287f,etflores1,2025-02-08,14:59:07,-08:00,2025-02-08T14:59:07-08:00,0,0
projects/index.html,22,html,5381e379,etflores1,2025-01-16,19:15:34,-08:00,2025-01-16T19:15:34-08:00,0,21
projects/index.html,23,html,5381e379,etflores1,2025-01-16,19:15:34,-08:00,2025-01-16T19:15:34-08:00,0,5
projects/index.html,24,html,f0bd287f,etflores1,2025-02-08,14:59:07,-08:00,2025-02-08T14:59:07-08:00,0,0
projects/index.html,25,html,a3151a1a,etflores1,2025-01-25,05:29:03,-08:00,2025-01-25T05:29:03-08:00,0,49
projects/index.html,26,html,94b3e093,etflores1,2025-01-31,23:45:11,-08:00,2025-01-31T23:45:11-08:00,0,48
projects/index.html,27,html,94b3e093,etflores1,2025-01-31,23:45:11,-08:00,2025-01-31T23:45:11-08:00,0,49
projects/index.html,28,html,47cfaa44,etflores1,2025-01-10,17:51:51,-08:00,2025-01-10T17:51:51-08:00,0,6
projects/index.html,29,html,f0bd287f,etflores1,2025-02-08,14:59:07,-08:00,2025-02-08T14:59:07-08:00,0,6
projects/index.html,30,html,f0bd287f,etflores1,2025-02-08,14:59:07,-08:00,2025-02-08T14:59:07-08:00,0,0
meta/main.js,1,js,0eaf184a,etflores1,2025-02-14,16:10:19,-08:00,2025-02-14T16:10:19-08:00,0,13
meta/main.js,2,js,0eaf184a,etflores1,2025-02-14,16:10:19,-08:00,2025-02-14T16:10:19-08:00,0,0
meta/main.js,3,js,0eaf184a,etflores1,2025-02-14,16:10:19,-08:00,2025-02-14T16:10:19-08:00,0,26
meta/main.js,4,js,0eaf184a,etflores1,2025-02-14,16:10:19,-08:00,2025-02-14T16:10:19-08:00,0,41
meta/main.js,5,js,0eaf184a,etflores1,2025-02-14,16:10:19,-08:00,2025-02-14T16:10:19-08:00,0,6
meta/main.js,6,js,0eaf184a,etflores1,2025-02-14,16:10:19,-08:00,2025-02-14T16:10:19-08:00,0,43
meta/main.js,7,js,0eaf184a,etflores1,2025-02-14,16:10:19,-08:00,2025-02-14T16:10:19-08:00,0,24
meta/main.js,8,js,0eaf184a,etflores1,2025-02-14,16:10:19,-08:00,2025-02-14T16:10:19-08:00,0,26
meta/main.js,9,js,0eaf184a,etflores1,2025-02-14,16:10:19,-08:00,2025-02-14T16:10:19-08:00,0,50
meta/main.js,10,js,0eaf184a,etflores1,2025-02-14,16:10:19,-08:00,2025-02-14T16:10:19-08:00,0,32
meta/main.js,11,js,0eaf184a,etflores1,2025-02-14,16:10:19,-08:00,2025-02-14T16:10:19-08:00,0,3
meta/main.js,12,js,b9c2618d,etflores1,2025-02-14,23:09:33,-08:00,2025-02-14T23:09:33-08:00,0,14
meta/main.js,13,js,b9c2618d,etflores1,2025-02-14,23:09:33,-08:00,2025-02-14T23:09:33-08:00,0,20
meta/main.js,14,js,0eaf184a,etflores1,2025-02-14,16:10:19,-08:00,2025-02-14T16:10:19-08:00,0,0
meta/main.js,15,js,0eaf184a,etflores1,2025-02-14,16:10:19,-08:00,2025-02-14T16:10:19-08:00,0,0
meta/main.js,16,js,0eaf184a,etflores1,2025-02-14,16:10:19,-08:00,2025-02-14T16:10:19-08:00,0,58
meta/main.js,17,js,0eaf184a,etflores1,2025-02-14,16:10:19,-08:00,2025-02-14T16:10:19-08:00,0,16
meta/main.js,18,js,b9c2618d,etflores1,2025-02-14,23:09:33,-08:00,2025-02-14T23:09:33-08:00,0,2
meta/main.js,19,js,b9c2618d,etflores1,2025-02-14,23:09:33,-08:00,2025-02-14T23:09:33-08:00,0,0
meta/main.js,20,js,b9c2618d,etflores1,2025-02-14,23:09:33,-08:00,2025-02-14T23:09:33-08:00,0,5
meta/main.js,21,js,b9c2618d,etflores1,2025-02-14,23:09:33,-08:00,2025-02-14T23:09:33-08:00,0,16
meta/main.js,22,js,b9c2618d,etflores1,2025-02-14,23:09:33,-08:00,2025-02-14T23:09:33-08:00,0,26
meta/main.js,23,js,b9c2618d,etflores1,2025-02-14,23:09:33,-08:00,2025-02-14T23:09:33-08:00,0,11
meta/main.js,24,js,b9c2618d,etflores1,2025-02-14,23:09:33,-08:00,2025-02-14T23:09:33-08:00,0,29
meta/main.js,25,js,b9c2618d,etflores1,2025-02-14,23:09:33,-08:00,2025-02-14T23:09:33-08:00,0,26
meta/main.js,26,js,b9c2618d,etflores1,2025-02-14,23:09:33,-08:00,2025-02-14T23:09:33-08:00,0,20
meta/main.js,27,js,b9c2618d,etflores1,2025-02-14,23:09:33,-08:00,2025-02-14T23:09:33-08:00,0,54
meta/main.js,28,js,b9c2618d,etflores1,2025-02-14,23:09:33,-08:00,2025-02-14T23:09:33-08:00,0,10
meta/main.js,29,js,b9c2618d,etflores1,2025-02-14,23:09:33,-08:00,2025-02-14T23:09:33-08:00,0,10
meta/main.js,30,js,b9c2618d,etflores1,2025-02-14,23:09:33,-08:00,2025-02-14T23:09:33-08:00,0,60
meta/main.js,31,js,b9c2618d,etflores1,2025-02-14,23:09:33,-08:00,2025-02-14T23:09:33-08:00,0,6
meta/main.js,32,js,b9c2618d,etflores1,2025-02-14,23:09:33,-08:00,2025-02-14T23:09:33-08:00,0,4
meta/main.js,33,js,b9c2618d,etflores1,2025-02-14,23:09:33,-08:00,2025-02-14T23:09:33-08:00,0,4
meta/main.js,34,js,b9c2618d,etflores1,2025-02-14,23:09:33,-08:00,2025-02-14T23:09:33-08:00,0,8
meta/main.js,35,js,b9c2618d,etflores1,2025-02-14,23:09:33,-08:00,2025-02-14T23:09:33-08:00,0,8
meta/main.js,36,js,b9c2618d,etflores1,2025-02-14,23:09:33,-08:00,2025-02-14T23:09:33-08:00,0,58
meta/main.js,37,js,b9c2618d,etflores1,2025-02-14,23:09:33,-08:00,2025-02-14T23:09:33-08:00,0,24
meta/main.js,38,js,b9c2618d,etflores1,2025-02-14,23:09:33,-08:00,2025-02-14T23:09:33-08:00,0,1
meta/main.js,39,js,b9c2618d,etflores1,2025-02-14,23:09:33,-08:00,2025-02-14T23:09:33-08:00,0,0
meta/main.js,40,js,b9c2618d,etflores1,2025-02-14,23:09:33,-08:00,2025-02-14T23:09:33-08:00,0,36
meta/main.js,41,js,b9c2618d,etflores1,2025-02-14,23:09:33,-08:00,2025-02-14T23:09:33-08:00,0,12
meta/main.js,42,js,b9c2618d,etflores1,2025-02-14,23:09:33,-08:00,2025-02-14T23:09:33-08:00,0,14
meta/main.js,43,js,b9c2618d,etflores1,2025-02-14,23:09:33,-08:00,2025-02-14T23:09:33-08:00,0,17
meta/main.js,44,js,b9c2618d,etflores1,2025-02-14,23:09:33,-08:00,2025-02-14T23:09:33-08:00,0,18
meta/main.js,45,js,b9c2618d,etflores1,2025-02-14,23:09:33,-08:00,2025-02-14T23:09:33-08:00,0,2
meta/main.js,46,js,b9c2618d,etflores1,2025-02-14,23:09:33,-08:00,2025-02-14T23:09:33-08:00,0,0
meta/main.js,47,js,b9c2618d,etflores1,2025-02-14,23:09:33,-08:00,2025-02-14T23:09:33-08:00,0,10
meta/main.js,48,js,b9c2618d,etflores1,2025-02-14,23:09:33,-08:00,2025-02-14T23:09:33-08:00,0,2
meta/main.js,49,js,b9c2618d,etflores1,2025-02-14,23:09:33,-08:00,2025-02-14T23:09:33-08:00,0,0
meta/main.js,50,js,b9c2618d,etflores1,2025-02-14,23:09:33,-08:00,2025-02-14T23:09:33-08:00,0,0
meta/main.js,51,js,b9c2618d,etflores1,2025-02-14,23:09:33,-08:00,2025-02-14T23:09:33-08:00,0,10
meta/main.js,52,js,b9c2618d,etflores1,2025-02-14,23:09:33,-08:00,2025-02-14T23:09:33-08:00,0,24
meta/main.js,53,js,b9c2618d,etflores1,2025-02-14,23:09:33,-08:00,2025-02-14T23:09:33-08:00,0,23
meta/main.js,54,js,b9c2618d,etflores1,2025-02-14,23:09:33,-08:00,2025-02-14T23:09:33-08:00,0,16
meta/main.js,55,js,b9c2618d,etflores1,2025-02-14,23:09:33,-08:00,2025-02-14T23:09:33-08:00,0,0
meta/main.js,56,js,b9c2618d,etflores1,2025-02-14,23:09:33,-08:00,2025-02-14T23:09:33-08:00,0,23
meta/main.js,57,js,b9c2618d,etflores1,2025-02-14,23:09:33,-08:00,2025-02-14T23:09:33-08:00,0,66
meta/main.js,58,js,b9c2618d,etflores1,2025-02-14,23:09:33,-08:00,2025-02-14T23:09:33-08:00,0,0
meta/main.js,59,js,b9c2618d,etflores1,2025-02-14,23:09:33,-08:00,2025-02-14T23:09:33-08:00,0,15
meta/main.js,60,js,b9c2618d,etflores1,2025-02-14,23:09:33,-08:00,2025-02-14T23:09:33-08:00,0,37
meta/main.js,61,js,b9c2618d,etflores1,2025-02-14,23:09:33,-08:00,2025-02-14T23:09:33-08:00,0,36
meta/main.js,62,js,b9c2618d,etflores1,2025-02-14,23:09:33,-08:00,2025-02-14T23:09:33-08:00,0,0
meta/main.js,63,js,b9c2618d,etflores1,2025-02-14,23:09:33,-08:00,2025-02-14T23:09:33-08:00,0,17
meta/main.js,64,js,b9c2618d,etflores1,2025-02-14,23:09:33,-08:00,2025-02-14T23:09:33-08:00,0,52
meta/main.js,65,js,b9c2618d,etflores1,2025-02-14,23:09:33,-08:00,2025-02-14T23:09:33-08:00,0,39
meta/main.js,66,js,b9c2618d,etflores1,2025-02-14,23:09:33,-08:00,2025-02-14T23:09:33-08:00,0,30
meta/main.js,67,js,b9c2618d,etflores1,2025-02-14,23:09:33,-08:00,2025-02-14T23:09:33-08:00,0,0
meta/main.js,68,js,b9c2618d,etflores1,2025-02-14,23:09:33,-08:00,2025-02-14T23:09:33-08:00,0,11
meta/main.js,69,js,b9c2618d,etflores1,2025-02-14,23:09:33,-08:00,2025-02-14T23:09:33-08:00,0,68
meta/main.js,70,js,b9c2618d,etflores1,2025-02-14,23:09:33,-08:00,2025-02-14T23:09:33-08:00,0,33
meta/main.js,71,js,b9c2618d,etflores1,2025-02-14,23:09:33,-08:00,2025-02-14T23:09:33-08:00,0,0
meta/main.js,72,js,b9c2618d,etflores1,2025-02-14,23:09:33,-08:00,2025-02-14T23:09:33-08:00,0,15
meta/main.js,73,js,b9c2618d,etflores1,2025-02-14,23:09:33,-08:00,2025-02-14T23:09:33-08:00,0,43
meta/main.js,74,js,b9c2618d,etflores1,2025-02-14,23:09:33,-08:00,2025-02-14T23:09:33-08:00,0,37
meta/main.js,75,js,b9c2618d,etflores1,2025-02-14,23:09:33,-08:00,2025-02-14T23:09:33-08:00,0,30
meta/main.js,76,js,b9c2618d,etflores1,2025-02-14,23:09:33,-08:00,2025-02-14T23:09:33-08:00,0,0
meta/main.js,77,js,b9c2618d,etflores1,2025-02-14,23:09:33,-08:00,2025-02-14T23:09:33-08:00,0,14
meta/main.js,78,js,b9c2618d,etflores1,2025-02-14,23:09:33,-08:00,2025-02-14T23:09:33-08:00,0,47
meta/main.js,79,js,b9c2618d,etflores1,2025-02-14,23:09:33,-08:00,2025-02-14T23:09:33-08:00,0,36
meta/main.js,80,js,b9c2618d,etflores1,2025-02-14,23:09:33,-08:00,2025-02-14T23:09:33-08:00,0,33
meta/main.js,81,js,b9c2618d,etflores1,2025-02-14,23:09:33,-08:00,2025-02-14T23:09:33-08:00,0,0
meta/main.js,82,js,b9c2618d,etflores1,2025-02-14,23:09:33,-08:00,2025-02-14T23:09:33-08:00,0,30
meta/main.js,83,js,b9c2618d,etflores1,2025-02-14,23:09:33,-08:00,2025-02-14T23:09:33-08:00,0,30
meta/main.js,84,js,b9c2618d,etflores1,2025-02-14,23:09:33,-08:00,2025-02-14T23:09:33-08:00,0,4
meta/main.js,85,js,b9c2618d,etflores1,2025-02-14,23:09:33,-08:00,2025-02-14T23:09:33-08:00,0,29
meta/main.js,86,js,b9c2618d,etflores1,2025-02-14,23:09:33,-08:00,2025-02-14T23:09:33-08:00,0,12
meta/main.js,87,js,b9c2618d,etflores1,2025-02-14,23:09:33,-08:00,2025-02-14T23:09:33-08:00,0,1
meta/main.js,88,js,b9c2618d,etflores1,2025-02-14,23:09:33,-08:00,2025-02-14T23:09:33-08:00,0,47
meta/main.js,89,js,b9c2618d,etflores1,2025-02-14,23:09:33,-08:00,2025-02-14T23:09:33-08:00,0,37
meta/main.js,90,js,b9c2618d,etflores1,2025-02-14,23:09:33,-08:00,2025-02-14T23:09:33-08:00,0,30
meta/main.js,91,js,b9c2618d,etflores1,2025-02-14,23:09:33,-08:00,2025-02-14T23:09:33-08:00,0,0
meta/main.js,92,js,b9c2618d,etflores1,2025-02-14,23:09:33,-08:00,2025-02-14T23:09:33-08:00,0,0
meta/main.js,93,js,b9c2618d,etflores1,2025-02-14,23:09:33,-08:00,2025-02-14T23:09:33-08:00,0,0
meta/index.html,1,html,2db5076e,etflores1,2025-02-14,02:54:01,-08:00,2025-02-14T02:54:01-08:00,0,14
meta/index.html,2,html,2db5076e,etflores1,2025-02-14,02:54:01,-08:00,2025-02-14T02:54:01-08:00,0,15
meta/index.html,3,html,2db5076e,etflores1,2025-02-14,02:54:01,-08:00,2025-02-14T02:54:01-08:00,0,5
meta/index.html,4,html,2db5076e,etflores1,2025-02-14,02:54:01,-08:00,2025-02-14T02:54:01-08:00,0,21
meta/index.html,5,html,2db5076e,etflores1,2025-02-14,02:54:01,-08:00,2025-02-14T02:54:01-08:00,0,69
meta/index.html,6,html,2db5076e,etflores1,2025-02-14,02:54:01,-08:00,2025-02-14T02:54:01-08:00,0,22
meta/index.html,7,html,2db5076e,etflores1,2025-02-14,02:54:01,-08:00,2025-02-14T02:54:01-08:00,0,46
meta/index.html,8,html,2db5076e,etflores1,2025-02-14,02:54:01,-08:00,2025-02-14T02:54:01-08:00,0,6
meta/index.html,9,html,2db5076e,etflores1,2025-02-14,02:54:01,-08:00,2025-02-14T02:54:01-08:00,0,5
meta/index.html,10,html,2db5076e,etflores1,2025-02-14,02:54:01,-08:00,2025-02-14T02:54:01-08:00,0,12
meta/index.html,11,html,2db5076e,etflores1,2025-02-14,02:54:01,-08:00,2025-02-14T02:54:01-08:00,0,61
meta/index.html,12,html,0eaf184a,etflores1,2025-02-14,16:10:19,-08:00,2025-02-14T16:10:19-08:00,0,21
meta/index.html,13,html,0eaf184a,etflores1,2025-02-14,16:10:19,-08:00,2025-02-14T16:10:19-08:00,0,0
meta/index.html,14,html,0eaf184a,etflores1,2025-02-14,16:10:19,-08:00,2025-02-14T16:10:19-08:00,0,52
meta/index.html,15,html,2db5076e,etflores1,2025-02-14,02:54:01,-08:00,2025-02-14T02:54:01-08:00,0,49
meta/index.html,16,html,aefb99e9,etflores1,2025-02-14,16:34:22,-08:00,2025-02-14T16:34:22-08:00,0,30
meta/index.html,17,html,2db5076e,etflores1,2025-02-14,02:54:01,-08:00,2025-02-14T02:54:01-08:00,0,6
meta/index.html,18,html,2db5076e,etflores1,2025-02-14,02:54:01,-08:00,2025-02-14T02:54:01-08:00,0,6
meta/index.html,19,html,2db5076e,etflores1,2025-02-14,02:54:01,-08:00,2025-02-14T02:54:01-08:00,0,0
meta/index.html,20,html,2db5076e,etflores1,2025-02-14,02:54:01,-08:00,2025-02-14T02:54:01-08:00,0,0
contact/index.html,1,html,47cfaa44,etflores1,2025-01-10,17:51:51,-08:00,2025-01-10T17:51:51-08:00,0,14
contact/index.html,2,html,47cfaa44,etflores1,2025-01-10,17:51:51,-08:00,2025-01-10T17:51:51-08:00,0,15
contact/index.html,3,html,47cfaa44,etflores1,2025-01-10,17:51:51,-08:00,2025-01-10T17:51:51-08:00,0,5
contact/index.html,4,html,47cfaa44,etflores1,2025-01-10,17:51:51,-08:00,2025-01-10T17:51:51-08:00,0,21
contact/index.html,5,html,47cfaa44,etflores1,2025-01-10,17:51:51,-08:00,2025-01-10T17:51:51-08:00,0,69
contact/index.html,6,html,fd67a2f3,etflores1,2025-02-14,02:15:56,-08:00,2025-02-14T02:15:56-08:00,0,25
contact/index.html,7,html,5381e379,etflores1,2025-01-16,19:15:34,-08:00,2025-01-16T19:15:34-08:00,0,46
contact/index.html,8,html,47cfaa44,etflores1,2025-01-10,17:51:51,-08:00,2025-01-10T17:51:51-08:00,0,6
contact/index.html,9,html,47cfaa44,etflores1,2025-01-10,17:51:51,-08:00,2025-01-10T17:51:51-08:00,0,5
contact/index.html,10,html,79c8e5b5,etflores1,2025-01-25,04:28:50,-08:00,2025-01-25T04:28:50-08:00,0,9
contact/index.html,11,html,5cd02422,etflores1,2025-01-10,18:47:48,-08:00,2025-01-10T18:47:48-08:00,0,3
contact/index.html,12,html,5cd02422,etflores1,2025-01-10,18:47:48,-08:00,2025-01-10T18:47:48-08:00,0,40
contact/index.html,13,html,f27084f9,etflores1,2025-01-10,19:02:21,-08:00,2025-01-10T19:02:21-08:00,0,52
contact/index.html,14,html,5cd02422,etflores1,2025-01-10,18:47:48,-08:00,2025-01-10T18:47:48-08:00,0,53
contact/index.html,15,html,79c8e5b5,etflores1,2025-01-25,04:28:50,-08:00,2025-01-25T04:28:50-08:00,0,40
contact/index.html,16,html,5cd02422,etflores1,2025-01-10,18:47:48,-08:00,2025-01-10T18:47:48-08:00,0,78
contact/index.html,17,html,5cd02422,etflores1,2025-01-10,18:47:48,-08:00,2025-01-10T18:47:48-08:00,0,4
contact/index.html,18,html,79c8e5b5,etflores1,2025-01-25,04:28:50,-08:00,2025-01-25T04:28:50-08:00,0,9
contact/index.html,19,html,252e4d74,etflores1,2025-01-10,18:51:21,-08:00,2025-01-10T18:51:21-08:00,0,15
contact/index.html,20,html,5cd02422,etflores1,2025-01-10,18:47:48,-08:00,2025-01-10T18:47:48-08:00,0,74
contact/index.html,21,html,5cd02422,etflores1,2025-01-10,18:47:48,-08:00,2025-01-10T18:47:48-08:00,0,32
contact/index.html,22,html,5cd02422,etflores1,2025-01-10,18:47:48,-08:00,2025-01-10T18:47:48-08:00,0,43
contact/index.html,23,html,5cd02422,etflores1,2025-01-10,18:47:48,-08:00,2025-01-10T18:47:48-08:00,0,0
contact/index.html,24,html,5cd02422,etflores1,2025-01-10,18:47:48,-08:00,2025-01-10T18:47:48-08:00,0,36
contact/index.html,25,html,5cd02422,etflores1,2025-01-10,18:47:48,-08:00,2025-01-10T18:47:48-08:00,0,34
contact/index.html,26,html,5cd02422,etflores1,2025-01-10,18:47:48,-08:00,2025-01-10T18:47:48-08:00,0,0
contact/index.html,27,html,5cd02422,etflores1,2025-01-10,18:47:48,-08:00,2025-01-10T18:47:48-08:00,0,30
contact/index.html,28,html,5cd02422,etflores1,2025-01-10,18:47:48,-08:00,2025-01-10T18:47:48-08:00,0,42
contact/index.html,29,html,5cd02422,etflores1,2025-01-10,18:47:48,-08:00,2025-01-10T18:47:48-08:00,0,0
contact/index.html,30,html,5cd02422,etflores1,2025-01-10,18:47:48,-08:00,2025-01-10T18:47:48-08:00,0,22
contact/index.html,31,html,5cd02422,etflores1,2025-01-10,18:47:48,-08:00,2025-01-10T18:47:48-08:00,0,6
contact/index.html,32,html,a3151a1a,etflores1,2025-01-25,05:29:03,-08:00,2025-01-25T05:29:03-08:00,0,49
contact/index.html,33,html,47cfaa44,etflores1,2025-01-10,17:51:51,-08:00,2025-01-10T17:51:51-08:00,0,6
contact/index.html,34,html,c98277b1,etflores1,2025-01-25,04:49:52,-08:00,2025-01-25T04:49:52-08:00,0,6
contact/index.html,35,html,0a56ad6a,etflores1,2025-01-25,05:18:08,-08:00,2025-01-25T05:18:08-08:00,0,0
contact/index.html,36,html,c98277b1,etflores1,2025-01-25,04:49:52,-08:00,2025-01-25T04:49:52-08:00,0,0
